{"type":"Topology","arcs":[[[18554,29184],[75,44],[32,52],[35,1],[38,25],[33,-1],[57,-29],[36,6],[16,32],[60,-26],[0,-44],[42,-38],[-30,-57],[-42,-20],[-25,-35],[-62,9],[-10,-16],[-62,15],[-84,-15],[-22,34],[-42,-1],[-5,42],[-40,22]],[[12482,32460],[23,28],[31,-10],[-2,-37],[-52,19]],[[16660,36269],[0,-249],[87,0],[0,-818],[84,0],[0,-818],[317,0],[0,-409],[235,0],[0,-409],[1058,0],[1100,1],[1079,0],[289,0],[940,0],[0,204],[235,0]],[[22084,33771],[235,0],[0,-204],[9,0],[0,-409],[-232,0],[0,-409],[12,0],[0,-409],[-229,-1],[0,-408],[-212,0],[0,-819],[17,0],[0,-818],[237,0],[0,-613],[-220,0],[0,-205],[-202,0],[0,-204],[-436,0],[0,-205],[-218,0],[0,-409],[26,0],[0,-205],[-215,0],[0,-613]],[[20656,27840],[-290,0],[-1002,0],[0,204],[-215,0],[0,205],[-216,0],[0,204],[-230,0]],[[18703,28453],[56,94],[58,76],[74,123],[-4,19],[55,86],[116,106],[-5,46],[-39,81],[56,6],[32,-12],[30,-36],[30,23],[23,-31],[93,-14],[21,-44],[46,-31],[-75,-36],[7,-31],[-23,-52],[108,43],[36,-36],[16,42],[36,-19],[52,19],[75,-27],[69,40],[64,19],[62,-7],[62,-28],[70,8],[18,40],[68,-33],[70,35],[85,0],[81,35],[50,11],[35,31],[26,-2],[5,60],[38,23],[-6,36],[52,29],[26,35],[32,102],[53,-4],[61,76],[43,86],[79,110],[36,78],[7,44],[-6,112],[-34,99],[-19,78],[-35,91],[-56,96],[-46,148],[-18,86],[8,75],[-13,71],[6,134],[-22,54],[-35,47],[-257,285],[-7,23],[-170,83],[-4,17],[-73,-6],[-74,-56],[-15,42],[53,44],[15,39],[-8,85],[11,47],[43,16],[44,45],[25,4],[29,-35],[143,-50],[166,-8],[70,23],[4,33],[-93,56],[88,-4],[56,10],[75,91],[42,19],[73,65],[7,36],[-8,73],[14,38],[-2,91],[-94,153],[-20,68],[-115,51],[-103,82],[-59,62],[-26,44],[-37,28],[-16,-76],[-21,-29],[-91,-75],[-65,-90],[-12,-75],[-98,-43],[-72,-17],[-140,50],[-32,33],[-61,-38],[-161,-51],[-70,-72],[58,-26],[-77,-23],[-176,-18],[-74,-24],[-57,-60],[-19,-86],[-40,-25],[-72,-26],[-33,-33],[-105,-59],[-52,-48],[-48,-18],[-54,-113],[-25,-28],[13,-52],[-17,-69],[-25,-27],[9,-56],[-122,-66],[-42,-69],[-31,11],[-7,55],[13,48],[-4,61],[-35,83],[-29,29],[-6,49],[36,23],[-25,45],[-73,48],[-21,54],[-88,23],[-26,78],[-50,35],[-29,3],[-45,44],[23,43],[-7,24],[-53,-5],[-69,9],[-9,-61],[-84,-79],[-37,-15],[112,-99],[91,-14],[21,-57],[33,-17],[55,23],[59,-17],[-17,-43],[19,-28],[-72,-32],[-7,-89],[-13,-41],[-47,-26],[-30,3],[-21,45],[-63,85],[-2,35],[-148,112],[-145,74],[-96,37],[-79,12],[-80,-6],[-65,20],[-90,-3],[-34,-32],[-41,9],[-38,-27],[-93,21],[-129,10],[-153,-9],[-99,-26],[-164,-73],[-215,-112],[-37,-26],[-82,-37],[-85,-12],[-84,2],[-26,-16],[-195,72],[-248,73],[-118,27],[-184,49],[-150,27],[-53,1],[-215,55],[-201,42],[-50,26],[-146,111],[-59,116],[-41,111],[13,62],[-10,82],[55,24],[23,45],[2,78],[-17,50],[-38,54],[-99,93],[-167,101],[-15,27],[21,57],[-20,46],[-43,40],[-99,55],[-36,29],[-86,121],[-18,53],[54,188],[44,75],[27,-38],[-8,-38],[-66,-41],[-38,-112],[29,-62],[-7,-18],[99,-45],[2,-16],[137,-30],[73,7],[84,30],[24,34],[48,32],[48,58],[-14,111],[29,33],[74,39],[43,54],[-15,29],[-63,59],[-116,52],[-85,1],[-31,-22],[-76,4],[-154,37],[-105,52],[-144,46],[-108,6],[-73,19],[-74,-1],[-149,16],[-72,29],[-80,55],[-76,38],[-11,29],[-103,79],[-139,59],[-19,35],[-81,31],[-75,12],[-96,45],[-19,61],[-33,56],[-5,50],[19,72],[17,24],[117,84],[129,64],[177,71],[185,85],[199,116],[113,77],[187,136],[325,217],[251,163],[222,125],[181,92],[83,17],[36,51],[238,140],[348,179],[259,117],[266,109],[439,151],[381,109],[34,6]],[[11513,34324],[60,26],[6,-60],[-56,4],[-10,30]],[[8245,28961],[20,67],[-11,89],[11,63],[43,78],[13,49],[33,24],[14,45],[-20,57],[36,97],[-19,131],[68,8],[46,-41],[9,-43],[-18,-25],[-2,-74],[17,-41],[98,-64],[202,-82],[132,-41],[41,-7],[196,-68],[106,-22],[50,3],[71,45],[22,27],[86,55],[52,54],[42,15],[14,26],[67,-11],[51,10],[9,37],[69,36],[64,-24],[81,-5],[66,6],[47,-57],[44,-23],[9,-37],[50,-46],[50,-6],[40,-69],[9,-104],[32,-51],[-20,-56],[32,-36],[73,-21],[86,-44],[30,-28],[128,-24],[113,-7],[90,-68],[1,-33],[24,-34],[67,-27],[97,-16],[103,-3],[55,-20],[100,-11],[102,-3],[36,9],[128,-16],[20,-20],[44,8],[78,-48],[130,-22],[11,-14],[-33,-53],[-9,-101],[-26,-24],[-40,-84],[-50,-58],[-57,-34],[-98,50],[-67,19],[-96,10],[-124,-10],[-105,-26],[-76,-33],[-17,-51],[-65,-62],[-38,-13],[-60,-52],[-47,-100],[55,-125],[-78,-14],[-32,-35],[-16,-48],[-138,63],[23,49],[-35,47],[1,42],[-19,53],[-41,74],[-47,61],[-64,50],[-42,44],[-47,4],[-36,57],[-106,39],[-29,-12],[-63,5],[-77,38],[-14,72],[-70,123],[-88,90],[-76,55],[-81,47],[-75,23],[-260,102],[-74,17],[-139,7],[-54,-7],[-63,-48],[-89,-20],[-53,-30],[6,-51],[-38,-26],[-6,-26],[-42,-4],[-94,-65],[-84,47],[-37,-21],[-17,45],[-36,-3],[-121,69],[-38,-1],[-21,57],[-79,113],[4,47],[-30,71]],[[36008,44844],[46,44],[36,-26],[-82,-18]],[[43081,40795],[-1182,3],[-1145,1],[-1127,0],[-1142,0],[-1048,0],[0,-802],[0,-379],[-631,0],[-1072,0],[-962,0],[-1091,0],[-763,0],[-728,0],[-1042,0],[-1081,0],[-993,0],[-875,0],[-950,0],[-337,0]],[[26912,39618],[0,83],[-1037,0],[0,204],[-1037,0],[0,205],[-1084,0],[-687,0],[-1096,-1],[0,205],[-526,0],[0,-205],[-1053,0],[0,205],[-526,0],[0,-205],[-526,0],[0,205],[-790,0],[0,-205],[-921,0],[-1086,0],[0,-409],[-990,0]],[[15553,39700],[-112,51],[-210,72],[-149,30],[-89,25],[-124,79],[-27,71],[-44,64],[-103,98],[-115,73],[-69,35],[-125,50],[-201,59],[-115,20],[-148,14],[87,37],[259,83],[160,63],[42,30],[32,60],[4,121],[74,106],[12,54],[-11,30],[20,116],[-17,15],[41,93],[-8,52],[15,185],[-41,200],[13,14],[185,-23],[434,-44],[114,-5],[42,7],[172,5],[102,10],[282,44],[191,33],[177,23],[114,31],[142,0],[135,14],[172,31],[84,32],[70,46],[182,73],[101,91],[162,90],[142,126],[55,67],[45,76],[129,124],[99,116],[46,69],[57,130],[32,103],[3,265],[-8,173],[10,78],[40,91],[18,77],[76,217],[55,78],[148,153],[168,185],[102,142],[33,59],[60,60],[54,87],[160,165],[69,47],[186,110],[67,45],[126,69],[65,49],[288,-56],[202,-26],[178,5],[154,50],[109,24],[319,133],[263,148],[243,172],[132,105],[124,131],[60,37],[173,155],[105,71],[78,64],[91,87],[117,51],[380,126],[-3,-13],[-117,-34],[4,-15],[127,9],[28,23],[67,-95],[-83,0],[-176,-30],[-1,-55],[52,-55],[46,40],[68,-35],[87,-3],[55,15],[91,-1],[47,51],[-130,40],[1,32],[130,-47],[88,-13],[230,-14],[114,25],[63,-6],[67,31],[60,-18],[76,48],[133,-4],[207,32],[168,52],[128,53],[301,172],[92,67],[152,130],[82,88],[128,161],[155,176],[173,177],[185,121],[87,34],[8,-87],[32,-47],[78,-23],[26,10],[49,-54],[33,-13],[85,6],[127,-24],[31,-19],[84,-17],[-12,-40],[68,-47],[-44,-81],[63,12],[66,32],[38,54],[35,-54],[95,17],[69,-2],[42,-34],[65,5],[93,-43],[-3,-61],[62,-95],[4,-33],[-37,-51],[-41,-14],[-19,-33],[-41,3],[-33,-49],[-56,-28],[-20,-63],[-68,0],[-17,-36],[-64,6],[-184,-27],[28,-22],[32,-94],[55,-123],[-13,-50],[66,-17],[77,11],[42,-10],[75,12],[45,22],[19,-39],[45,-8],[37,47],[97,29],[9,58],[-34,147],[49,4],[105,87],[9,31],[126,49],[52,-85],[46,8],[15,50],[-29,65],[-65,61],[-21,43],[120,73],[36,-78],[51,-8],[9,81],[-13,68],[6,47],[177,-86],[178,-110],[150,-116],[67,-73],[-46,-42],[-11,-67],[16,-206],[21,-58],[109,-20],[92,16],[67,0],[103,-34],[39,-53],[-30,-37],[74,-23],[50,12],[70,39],[85,67],[66,106],[-2,32],[71,15],[142,14],[233,-12],[90,3],[71,14],[173,65],[61,5],[178,-23],[42,-38],[89,-11],[65,-92],[59,-7],[39,78],[127,-8],[98,8],[102,-37],[103,-19],[42,-28],[153,-45],[37,-62],[-72,-15],[-52,-34],[-87,-153],[-53,-52],[-57,-5],[17,-130],[44,-60],[86,-32],[34,14],[153,-42],[63,13],[55,-14],[11,-47],[-163,43],[-45,-28],[-42,10],[-137,-6],[-116,21],[-52,-41],[46,-59],[71,12],[24,20],[102,-3],[137,-27],[32,20],[81,7],[80,-14],[27,36],[52,10],[71,-25],[35,8],[76,-24],[112,21],[-10,-33],[-76,-90],[23,-42],[-59,-2],[-96,-25],[-41,-39],[13,-28],[73,-38],[127,13],[66,-12],[150,19],[79,-29],[180,-42],[51,-20],[58,-66],[113,12],[15,33],[54,25],[44,60],[108,75],[53,3],[55,-21],[78,27],[50,-5],[49,-32],[38,37],[4,34],[161,13],[25,-28],[93,-27],[44,-50],[-13,-25],[29,-45],[189,60],[95,-12],[73,41],[205,152],[42,-40],[54,-18],[71,44],[75,-1],[77,-21],[59,11],[70,37],[52,-60],[38,-8],[60,33],[60,-30],[50,3],[91,-16],[26,-25],[82,-21],[132,-103],[40,9],[65,-17],[72,-34],[78,23],[79,-14],[24,-32],[46,11],[127,-91],[14,-47],[-24,-33],[88,-52],[57,0],[110,69],[24,-5],[4,-58],[54,-30],[86,115],[22,-30],[53,-16],[29,-33],[85,-10],[44,-33],[-5,-48],[32,-9],[95,22],[-19,-73],[-42,-18],[76,-48],[38,6],[85,-36],[154,2],[169,-44],[113,21],[53,-8],[6,-48],[38,-5],[30,-37],[208,1],[84,34],[42,1],[32,31],[211,-16],[48,16],[44,-8],[63,20],[50,-13],[212,-8],[73,-32],[108,-9],[40,-37],[40,3],[147,-32],[66,37],[21,34],[103,-84],[158,-100],[52,-11],[113,-47],[44,-58],[193,-51],[95,-52],[225,-44],[20,-30],[71,7],[80,45],[126,-33],[94,-4],[68,30],[138,132],[78,14],[105,-2],[47,42],[90,12],[36,32],[78,26],[56,3],[80,26],[49,48],[92,-30],[56,9],[3,32],[101,21],[62,0],[29,26],[61,-1],[116,-46],[78,9],[116,59],[61,-40],[211,-95],[41,-28],[257,-89],[160,-82],[92,-69],[55,-28],[-13,-39],[145,-74],[-13,-33],[103,6],[181,-112],[121,-48],[86,-49],[87,-16],[152,-55],[136,-65],[53,-34],[143,-117],[28,-102],[70,-62],[132,-5],[11,45],[45,79],[91,-22],[134,-64],[0,-850],[0,-954],[0,-813],[-2,-94]],[[35466,24095],[608,0],[0,105],[298,0],[0,818],[-21,0],[0,819],[-21,0],[0,205],[628,0],[0,613],[-15,0],[0,819],[-15,0],[0,238],[-50,0],[0,498]],[[36878,28210],[48,24],[139,27],[124,-13],[32,-11],[57,10],[33,36],[0,43],[1081,0],[0,-205],[648,0],[0,-34],[1088,1],[548,0],[12,-57],[-3,-122],[38,-15],[-10,-64],[110,-29],[0,-51],[-42,-11],[8,-89],[-40,-38],[-31,-85],[-29,-6],[-11,-45],[-36,-15],[-3,-40],[-48,-13],[49,-66],[26,6],[97,-79],[51,-7],[-26,-45],[-34,-24],[-32,-79],[-44,-11],[0,-90],[-28,7],[-21,-33],[36,-56],[41,-29],[112,-5],[43,-36],[39,3],[7,30],[108,-26],[3,57],[43,70],[44,36],[24,92],[51,6],[57,-26],[10,-27],[40,10],[73,-24],[240,3],[0,-205],[212,0],[0,-204],[168,0],[0,-819],[-43,0],[0,-109],[207,-1],[0,-504],[937,0]],[[43081,25223],[1,-694],[0,-885],[0,-997],[0,-995]],[[43082,21652],[-239,0],[0,103],[-652,0],[-1,207],[-197,-2]],[[41993,21960],[0,204],[-990,0],[0,399],[-588,0],[0,205],[-400,0],[0,409],[-801,0],[0,205],[11,0],[0,204],[-514,0],[-583,0],[-926,0],[0,205],[-700,0],[-428,0],[-1,100],[-607,0],[0,204]],[[33695,24232],[82,0],[0,-69],[68,0],[0,-68],[811,0]],[[34656,24095],[0,-614],[-11,0],[0,-750],[-301,0],[-9,-68],[1,-205]],[[34336,22458],[-330,0],[0,205],[4,62]],[[34010,22725],[29,21],[-43,68],[-55,69],[-40,13],[-75,62],[-128,-24],[-60,-20],[-20,48],[-34,13],[-95,74],[-131,5],[-31,32],[-62,17],[-55,30],[-42,41],[-29,54],[-52,66],[-92,57],[-41,51],[-109,43],[-1,35],[41,40],[5,38],[47,0],[63,19],[29,34],[28,90],[23,25],[52,107],[41,29],[38,1],[28,21],[-4,83],[20,24],[89,20],[54,40],[51,-13],[16,41],[90,51],[24,39],[38,22],[73,1],[5,40]],[[32596,23389],[48,24],[20,73],[63,18],[1,-51],[-79,-74],[-53,10]],[[20656,27840],[0,-30],[-97,0],[0,-237],[-59,0],[0,-819],[-59,0],[0,-818],[149,0],[0,-614],[431,0]],[[21021,25322],[7,-46],[30,-80],[37,-55],[81,-42],[85,-11],[85,22],[-1,-35],[68,-14],[-17,-59],[-71,17],[-96,4],[-60,-16],[-65,-29],[-154,-94],[-97,-21],[-104,-30],[-106,-59],[-96,-66],[-83,-76],[-64,-90],[-48,-38],[-168,-27],[-58,-18],[-138,-27],[-100,-59],[-69,-25],[-111,-8],[-47,-28],[-166,-83],[-144,-14],[-48,11],[-80,37],[-108,30],[-50,0],[-70,20],[-79,-46],[-88,12],[9,93],[-42,31],[-239,-47],[-42,14],[-105,-104],[-76,-30],[-167,-14],[-43,-13],[-42,-40],[-38,-20],[-140,16],[-72,44],[-43,-26],[-12,48],[-36,-9],[12,-42],[-21,-36],[-44,-33],[25,-25],[-4,-31],[-72,-18],[-12,-47],[21,-63],[-69,-38],[-80,-7],[-146,73],[-42,-26],[-61,31],[-65,-9],[-58,16],[-27,-115],[36,-46],[-15,-46],[13,-53],[62,-32],[12,-61],[-9,-28],[-87,-44],[-22,2],[-70,-77],[3,-40],[-50,-39],[-40,62],[-51,-3],[-30,-73],[33,-26],[-14,-65],[24,-25],[50,7],[-10,-123],[-73,-37],[-23,-47],[-52,-3],[-18,-26],[-42,9],[-57,-15],[-25,-51],[-44,16],[-89,-39],[-97,26],[-1,64],[-67,-5],[-46,18],[-59,-23],[-33,18],[-62,-29],[-38,-7],[-59,-32],[-60,-13],[-10,37],[-144,-101]],[[15833,22902],[-32,19],[-29,46],[-11,82],[59,64],[26,12],[107,-11],[83,37],[-5,101],[-33,8],[-35,-45],[-62,18],[-60,41],[-19,54],[-53,42],[13,57],[-75,17],[-68,72],[-37,-26],[3,-23],[-32,-78],[-12,-104],[-29,-11],[-99,12],[-65,14],[-66,47],[-33,136],[12,69],[-29,76],[5,31],[33,25],[18,50],[-19,45],[-95,1],[-105,47],[-58,-8],[-46,45],[-26,88],[-24,57],[4,70],[119,68],[49,21],[20,52],[-10,46],[-28,23],[-34,53],[-39,-2],[-67,45],[-37,13],[-49,-11],[-17,-25],[-92,-22],[-26,-45],[-47,16],[-37,128],[-8,48],[18,103],[32,-8],[101,14],[43,18],[125,37],[148,36],[-31,27],[-42,-2],[-27,28],[-58,-3],[-100,49],[-50,86],[-3,23],[-55,72],[3,46],[32,-7],[31,17],[133,23],[58,-15],[75,11],[29,-31],[50,63],[135,28],[-76,98],[-1,24],[-43,62],[-38,129],[-6,127],[31,120],[21,15],[63,153],[31,14],[139,207],[90,115],[82,128],[37,7],[18,77],[64,115],[55,73],[117,113],[44,35],[50,8],[78,-26],[96,13],[22,-26],[-38,-65],[36,-50],[11,55],[36,46],[24,52],[-13,17],[-70,8],[1,50],[93,51],[-4,40],[-29,11],[-30,84],[-17,121],[-32,41],[-3,39],[19,32],[-17,95],[58,30],[-45,37],[6,51],[27,62],[24,121],[23,69],[91,153],[59,47],[106,-8],[31,12],[1,44],[-52,50],[25,24],[-32,104],[15,37],[49,37],[66,75],[67,65],[101,63],[61,7],[99,30],[146,9],[68,-24],[137,-78],[31,8],[30,-28],[30,15],[63,-12],[-1,-34],[35,-25],[48,-61],[71,-66],[76,4],[9,-28],[-18,-42],[60,15],[-2,-27],[74,-38],[59,-65],[-1,-39],[25,-26],[62,27],[209,24],[74,29],[79,111],[67,33],[72,71],[6,77],[26,47],[58,27],[49,-14],[66,32],[91,111]],[[16411,27918],[28,27],[44,-16],[-31,-37],[-41,26]],[[16386,28008],[38,59],[22,-51],[-35,-28],[-25,20]],[[16042,27002],[88,21],[25,-24],[30,-124],[-70,-18],[-37,19],[-31,42],[-5,84]],[[15999,26774],[70,18],[42,-5],[12,-50],[-112,14],[-12,23]],[[15945,26909],[30,51],[25,-53],[28,-31],[-3,-30],[-63,-4],[-17,67]],[[53180,11418],[28,74],[28,-31],[31,-120],[-8,-50],[-39,-16],[-16,72],[-19,-21],[-12,72],[7,20]],[[52709,12509],[1,48],[32,9],[11,-45],[-44,-12]],[[52704,12628],[35,62],[51,24],[-3,-51],[-55,-52],[-28,17]],[[52614,12194],[29,82],[49,45],[101,-83],[-3,-31],[-37,-4],[-12,-38],[-41,-15],[-9,-30],[-32,-3],[-29,21],[-16,56]],[[52609,12534],[37,75],[14,-53],[-17,-62],[-34,40]],[[52552,12477],[39,17],[13,-15],[-1,-48],[-47,16],[-4,30]],[[52511,12418],[26,20],[46,-35],[16,-32],[-16,-30],[-64,49],[-8,28]],[[52619,12971],[28,-4],[44,35],[26,6],[35,93],[65,10],[41,19],[48,37],[22,45],[6,67],[41,29],[4,46],[26,33],[63,28],[50,-31]],[[53118,13384],[-9,-39],[283,-160],[-32,-124],[46,-119],[29,-245],[287,30],[123,-140],[337,-244],[97,-103]],[[54279,12240],[0,-58],[-18,-10],[-12,-43],[20,-56],[48,-14],[39,-29],[-23,-41],[3,-34],[21,-28],[3,-55],[-51,-31],[-2,-25],[-49,-74],[-21,13],[-28,-30],[-69,-7],[-34,-29],[-14,81],[-36,-6],[-15,-30],[-43,-25],[-23,-54],[-41,-43],[-50,0],[-2,-24],[44,-107],[35,-34],[-19,-40],[25,-83],[-18,-11],[-38,31],[-65,-8],[-64,29],[1,42],[-64,30],[-19,37],[-43,24],[-17,29],[-37,-21],[25,-65],[-21,-32],[-32,-2],[-24,27],[-43,-19],[-71,-7],[9,-40],[-39,0],[-18,-32],[-6,-59],[-28,-45],[38,-71],[-26,-67],[-71,-30],[0,-55],[-56,-35],[-4,-35],[44,-60],[41,-73],[-3,-31],[-45,-76],[-7,-65],[25,-59],[-26,-29],[-26,-3],[-57,56],[-34,-32],[-2,-87],[-67,-26],[-37,-36],[-18,0]],[[53024,10418],[-18,61],[-15,94],[-67,146],[24,5],[35,-47],[29,-21],[19,11],[8,42],[0,108],[41,0],[21,19],[63,-3],[11,40],[-27,15],[-8,41],[30,53],[24,23],[-6,64],[-19,33],[8,52],[24,33],[84,21],[1,65],[13,5],[-30,150],[12,148],[-2,114],[92,23],[23,49],[53,-29],[61,33],[68,-43],[31,15],[40,-22],[-1,38],[-53,36],[-44,0],[-26,20],[-56,-17],[-31,5],[-44,27],[-26,-11],[-50,-77],[-60,4],[-26,-28],[-12,-117],[-32,2],[-21,-42],[-25,41],[-5,33],[-26,44],[-59,15],[-7,-33],[36,-60],[38,-29],[20,-41],[-26,-32],[-26,20],[-12,-36],[-42,9],[-38,-16],[6,-29],[32,-47],[42,-94],[-15,-41],[41,-71],[-5,-50],[-21,-28],[-32,5],[-21,69],[-43,-72],[-43,-9],[-46,-86],[12,-61],[-72,-29],[-32,80],[42,104],[-47,54],[-44,5],[8,84],[-23,24],[60,12],[-40,36],[-38,-7],[-13,42],[28,83],[-40,-13],[-24,24],[-25,-8],[-16,-33],[-37,51],[-29,-36],[-3,-45],[24,-27],[-4,-40],[-52,40],[-71,178],[4,22],[-23,63],[29,54],[-13,68],[21,25],[-30,21],[24,44],[25,17],[28,-18],[52,14],[32,137],[28,27],[2,43],[20,28],[33,-4],[74,38],[17,-12],[46,-92],[-18,-78],[15,-36],[-18,-53],[50,-47],[39,-62],[57,-2],[-8,38],[-61,68],[-21,84],[-20,27],[18,51],[10,88],[-27,76],[33,53],[-7,39],[-22,24],[-23,51],[-14,92],[37,2],[32,-36],[62,-18],[27,-29],[25,-81],[-7,-42],[30,-52],[27,-20],[9,77],[-18,34],[-17,101],[-59,71],[-30,-7],[-25,49],[-54,54],[-7,31],[-1,128],[18,12],[35,89],[-23,7],[-51,-33],[-43,-41],[-65,-14],[-50,24],[-46,36],[-5,33],[17,28],[-22,46],[35,3],[10,52],[-26,43]],[[52186,11587],[21,46],[51,-24],[0,-57],[-50,-9],[-22,44]],[[52115,11749],[46,2],[60,-61],[-7,-33],[-36,12],[-35,59],[-28,21]],[[52113,11891],[15,47],[35,-11],[2,-35],[-37,-25],[-15,24]],[[52110,11812],[2,44],[57,-8],[27,-19],[6,-36],[-15,-26],[-31,0],[-39,21],[-7,24]],[[52105,11722],[27,-12],[14,-53],[-28,-10],[-13,75]],[[52040,12120],[28,39],[46,137],[57,55],[30,13],[63,-4],[51,-35],[87,38],[38,-3],[51,-35],[47,-56],[7,-70],[-27,-20],[-35,-70],[21,-67],[9,-60],[-7,-44],[-78,-51],[-83,-16],[-82,-41],[-12,38],[-65,60],[-13,37],[-44,39],[-84,59],[-5,57]],[[54279,12240],[345,-92],[180,-236],[93,-46],[82,-10],[47,-240],[86,-31],[117,-76]],[[55229,11509],[-40,-39],[-11,-56],[47,-93],[31,-43],[-44,-31],[-38,28],[-64,-68],[-36,-27],[-5,-33],[44,-54],[18,-38],[24,13],[26,-53],[-11,-47],[69,-119],[31,-15],[20,-51],[46,-51]],[[55336,10732],[4,-123],[41,-76],[-18,-241],[43,-196],[55,-109],[23,-269],[50,-88],[3,-44],[-146,-211],[-49,-117],[-7,-43],[-32,-79],[-7,-67],[-97,-210],[-81,-130],[-88,-108],[-41,-59],[-123,-133],[-69,-22],[-34,-46],[35,-56],[-28,-37],[-73,31],[-23,28],[-13,62],[13,77],[-31,6],[-25,30],[-4,-85],[-26,-30],[-49,-25],[-87,88],[-15,67],[11,48],[-15,13],[-6,112],[-21,45],[31,26],[2,35],[-23,33],[-15,45],[-39,45],[10,91],[15,14],[3,57],[89,38],[45,34],[15,40],[35,2],[4,-51],[33,-51],[83,49],[16,71],[-31,17],[-9,-70],[-36,-21],[-25,24],[-23,99],[-23,-26],[-41,-18],[-29,-52],[-30,-19],[-78,-26],[-38,18],[-8,36],[-43,37],[-3,48],[-15,46],[-5,69],[119,133],[35,58],[4,36],[32,28],[46,-16],[38,21],[-24,27],[-13,113],[8,53],[-8,41],[-23,-1],[-19,106],[55,134],[-8,46],[16,48],[-11,36],[-7,92],[-27,211],[11,42],[-82,189],[-41,51],[-59,134],[-41,76],[-17,12],[-38,66],[-44,46],[-38,99],[37,38],[29,14],[62,59],[-6,49],[-27,-6],[-28,-43],[-22,-8],[-62,-65],[-92,-34],[-36,-54],[11,-27],[56,35],[33,-1],[19,-50],[37,-53],[41,-43],[14,-31],[92,-154],[34,-113],[-10,-24],[61,-116],[29,-43],[2,-59],[27,-70],[8,-75],[-22,-72],[30,-7],[4,-28],[-21,-47],[-40,29],[-5,-76],[7,-37],[-8,-132],[21,-160],[-24,-38],[-20,62],[-31,-13],[10,-66],[-8,-78],[-19,-29],[-14,-155],[-43,-38],[-19,-51],[-17,2],[-28,-62],[-51,-17],[-72,43],[-6,32],[-42,43],[79,111],[28,90],[5,44],[17,36],[-3,77],[-27,10],[-80,-35],[7,-54],[38,-62],[-20,-38],[-14,-64],[-18,-28],[-37,-14],[-26,-28],[-55,7],[-64,36],[-23,42],[30,60],[72,44],[-43,17],[-61,-47],[-24,17],[-32,-91],[-70,48],[-52,60],[-54,9],[81,-120],[-34,-20],[-25,38],[-27,7],[6,-51],[18,-56],[-13,-9],[-7,-74],[-43,15],[-24,-25],[43,-61],[-13,-54],[-21,-34],[20,-39],[-47,-27],[-32,57],[-38,118],[-17,69],[-5,91],[-17,36],[-11,77],[17,79],[-28,52],[38,41],[-9,73],[21,2],[55,-60],[62,-79],[-3,87],[-27,19],[-43,62],[-38,33],[5,50],[54,21],[69,87],[49,164],[28,-11],[8,54],[-65,23],[-27,50],[23,123],[-4,46],[-30,50],[9,41],[61,62],[57,-19],[44,42],[39,-15],[57,43],[-44,29],[-18,-32],[-34,8],[-53,-27],[-52,36],[-32,-21],[-9,110],[59,8],[27,-8],[110,-4],[-28,42],[5,35],[-47,78],[33,30],[-5,38],[-34,-18],[-14,43],[-70,-50],[-89,-95],[-44,11],[-136,-45],[30,-46],[56,0],[48,-20],[34,-28],[1,-71],[-24,-59],[-13,-3],[-19,-99],[-9,-18],[-48,9],[54,-126],[-34,-32],[-8,-54],[-19,3],[-21,-43],[-24,-10],[-57,55],[4,-71],[27,-30],[-4,-101],[-20,-42],[-7,-65],[-18,-10],[-50,41],[-23,42],[-85,36],[-34,31],[-16,40],[-24,19],[-13,43],[-2,67]],[[54397,9785],[13,32],[27,7],[21,-99],[-36,-59],[-19,69],[-6,50]],[[54102,9096],[38,90],[24,-10],[16,-51],[-21,-37],[-3,-66],[-48,44],[-6,30]],[[53860,9548],[57,-29],[-21,-36],[-36,65]],[[53815,8766],[36,80],[56,-12],[16,29],[38,2],[39,43],[34,-10],[68,30],[11,-26],[-22,-39],[24,-64],[-14,-36],[52,-25],[9,-19],[-41,-53],[5,-23],[-37,-13],[-8,-39],[-42,2],[-23,22],[-26,-35],[-52,32],[-10,47],[-49,34],[-64,73]],[[53769,8926],[47,-27],[-24,-42],[-23,69]],[[53681,8797],[25,21],[7,32],[62,-36],[-42,-20],[-20,-37],[-32,40]],[[53573,10954],[43,3],[-17,65],[24,37],[33,17],[20,-24],[39,-85],[-16,-30],[-66,15],[-44,-17],[-16,19]],[[53417,10161],[36,12],[9,24],[65,6],[-5,-66],[-31,-33],[-58,-21],[4,42],[-20,36]],[[16660,36269],[49,-2],[222,22],[147,8],[158,-1],[135,-13],[100,-27],[50,-24],[-10,-26],[-154,42],[-109,14],[-61,-32],[22,-27],[70,19],[53,-21],[53,-6],[-2,-44],[33,-45],[-7,-55],[-37,-86],[-96,-87],[-26,-70],[8,-111],[-17,-39],[52,-47],[8,-60],[-36,-55],[-77,-86],[-66,-6],[-97,-21],[-16,-36],[31,-26],[31,12],[64,-31],[37,5],[53,34],[56,-155],[83,-101],[68,-31],[89,-25],[58,28],[49,2],[48,33],[142,-5],[39,10],[25,-28],[61,-19],[83,-4],[30,-14],[63,7],[122,35],[49,33],[88,-20],[137,27],[33,-40],[40,-11],[11,-33],[52,-45],[80,8],[123,38],[46,-56],[41,-15],[105,24],[62,25],[96,65],[31,-25],[102,-7],[45,-19],[114,-85],[17,-41],[-39,-61],[10,-26],[110,4],[27,37],[-61,45],[42,78],[61,47],[55,104],[2,34],[41,62],[35,94],[54,88],[21,64],[69,44],[83,-10],[76,5],[37,-90],[104,-26],[40,1],[109,51],[9,-40],[-5,-76],[50,-4],[33,15],[62,55],[9,33],[-53,37],[-22,49],[-47,48],[-18,58],[-62,74],[-110,30],[-56,30],[-93,33],[-61,3],[-83,37],[-59,12],[-63,-6],[-106,5],[-62,-37],[-106,-49],[-51,-3],[-31,-20],[-4,-71],[-29,3],[54,149],[28,144],[2,95],[-20,72],[-106,126],[-133,91],[-22,80],[-57,92],[-39,38],[-58,34],[-110,29],[-166,19],[-4,63],[-15,46],[-49,87],[-63,72],[-9,71],[23,51],[103,20],[12,65],[34,38],[26,-61],[47,-14],[73,40],[36,8],[88,-172],[89,-94],[38,-67],[30,-27],[81,-14],[8,-44],[-18,-66],[-53,-70],[5,-133],[125,-140],[34,-79],[153,-123],[83,-52],[44,-12],[45,-49],[68,-36],[73,5],[126,46],[32,26],[58,13],[34,47],[57,50],[82,27],[3,-62],[26,-36],[71,1],[69,-58],[51,-85],[35,-12],[99,-59],[91,-86],[116,10],[51,-28],[64,22],[45,-14],[59,40],[133,0],[43,17],[68,-9],[44,20],[26,178],[-9,46],[12,46],[-41,102],[-124,149],[-80,34],[-72,-11],[-69,-89],[-100,19],[-56,20],[-72,98],[-103,49],[-103,-9],[-62,-32],[-180,-12],[-79,-97],[17,-24],[-44,-23],[18,-38],[-5,-41],[-78,-42],[-112,1],[-89,46],[-33,-11],[-48,29],[18,56],[-8,23],[-52,1],[-64,57],[-55,21],[-60,76],[-21,9],[-67,72],[41,74],[-64,12],[-50,-8],[44,103],[-23,44],[13,72],[41,19],[26,34],[17,62],[-18,53],[14,24],[79,53],[6,59],[106,25],[62,-31],[80,7],[9,57],[-28,40],[-40,23],[-61,-8],[-31,52],[-33,0],[-49,36],[-48,-24],[-35,46],[-68,37],[-48,2],[-55,-20],[-61,-2],[-177,-45],[-141,-63],[-141,-5],[-64,-18],[-52,65],[-54,-8],[-70,14],[-35,-20],[-48,39],[-20,46],[-49,26],[-92,-22],[-109,-5],[-84,-39],[-61,19],[-101,16],[-107,32],[-108,18],[-177,50],[-225,39],[-67,40],[-25,29],[9,128],[-22,154],[-30,120],[-11,10],[-40,141],[-38,101],[-43,87],[-125,234],[-93,128],[-101,85],[-395,218],[-106,92],[-274,221],[-53,32],[-204,156],[-78,46],[-74,77],[-161,108]],[[26912,39618],[0,-326],[-57,0],[0,-204],[256,0],[0,-205],[255,0],[0,-204],[255,0],[0,-205],[-66,0],[0,-613],[504,0],[0,-205],[177,0],[0,-817],[-72,0],[0,-205],[-734,0],[0,-409],[-735,0],[0,-204],[-50,0],[0,-409],[-483,0],[0,204],[-241,0],[0,205],[-483,0],[0,-409],[-483,0],[0,409],[-394,0],[-572,0],[0,-818],[-956,0],[-247,0],[0,-409],[-715,0],[0,-409],[13,0],[0,-614]],[[19472,35522],[13,45],[54,-3],[21,-32],[-34,-16],[-54,6]],[[21265,17634],[17,34],[33,10],[-4,-62],[35,-33],[-27,-18],[-52,52],[-2,17]],[[21127,17631],[15,30],[5,68],[22,45],[20,-47],[1,-59],[-44,-59],[-19,22]],[[26142,22867],[0,-833],[0,-1424],[0,-608],[-186,0],[0,-205],[-384,0],[0,-204],[-192,0],[0,-205],[-107,0],[0,-205],[-381,0],[0,-204],[-190,0],[0,-410],[89,0],[0,-555]],[[24791,18014],[-17,-17],[-133,-25],[-16,-19],[-64,-39],[-33,-37],[-117,-48],[-25,-38],[-171,-63],[-177,-124],[-242,-122],[-71,-25],[-83,2],[-67,41],[-65,70],[-2,56],[-14,83],[-39,73],[-69,54],[-95,30],[-44,38],[7,65],[59,53],[-5,20],[22,257],[10,66],[58,27],[31,31],[54,29],[-2,50],[-77,22],[-35,-67],[-53,-6],[-35,-30],[0,-64],[-86,-133],[-7,-63],[-42,-42],[-94,-53],[-46,16],[3,-78],[-24,-87],[23,-88],[-31,-87],[-53,-26],[-27,11],[-13,48],[-22,-7],[8,-73],[35,-48],[36,-133],[1,-36],[33,-100],[32,-71],[24,-102],[59,-31],[-43,-100],[-55,-85],[-62,-43],[-67,-11],[-151,60],[-27,16],[-18,49],[-5,59],[-22,5],[-99,196],[-80,183],[-93,197],[-76,129],[-61,78],[-43,38],[-93,40],[-16,-20],[-42,38],[5,25],[52,89],[-35,86],[-38,14],[-106,-27],[18,-29],[-17,-50],[-30,-49],[26,-37],[-6,-30],[-54,19],[-15,-21],[20,-87],[-71,-30],[1,-24],[-50,-22],[-59,80],[-19,52],[-25,12],[10,69],[-27,37],[-41,11],[-50,-15],[-6,-39],[-82,17],[16,45],[-23,56],[-26,4],[-62,-53],[4,75],[-26,61],[-34,5],[-16,28],[32,36],[36,20],[-32,99],[-60,63],[29,7],[-24,41],[-35,-5],[-33,-46],[-95,-60],[-46,-35],[-28,-47],[-34,-17],[-131,-110],[-75,-78],[-46,-78],[-40,-48],[-31,52],[-26,19],[-42,-18],[-50,1],[-34,-50],[-49,-36]],[[20457,17985],[3,2],[0,377],[188,0],[0,205],[60,0],[0,409],[190,0],[0,205],[190,0],[0,205],[64,0],[0,409],[192,0],[0,410],[261,0],[0,409],[194,0],[0,409],[72,0],[0,205],[196,0],[0,409],[196,0],[0,205],[78,0],[0,409],[198,0],[0,205],[198,0],[0,204],[83,0],[0,205],[101,0],[1101,0],[0,-205],[201,0],[0,205],[200,0],[0,205],[401,0],[0,-205],[219,0],[1099,0]],[[20401,17401],[14,33],[-10,72],[25,90],[3,58],[63,55],[92,57],[54,-2],[33,17],[57,53],[28,-1],[27,57],[43,-19],[-73,-152],[-36,-108],[-56,-118],[-38,-120],[-39,-40],[-52,-28],[-21,12],[-66,5],[-34,-26],[-15,17],[14,45],[-13,43]],[[20423,17954],[-55,-33],[-21,-27],[-50,-13],[-3,-26],[-41,0],[-84,-30],[-12,-37],[-36,-38]],[[20121,17750],[-38,0],[0,205],[340,-1]],[[52619,12971],[33,78],[-130,78],[-62,64],[-103,82],[-15,49],[4,30],[-19,34],[-47,34],[-31,37],[-23,82],[-22,40],[-27,19],[-5,30],[69,-1],[45,27],[29,-32],[18,-48],[26,11],[-20,106],[-35,97],[26,35],[1,42],[-21,24],[-17,-50],[-31,-36],[10,-51],[-9,-36],[-23,-15],[-47,50],[-97,27],[-38,22],[-28,39],[-41,13],[-56,-6],[-25,9],[-24,64],[11,50],[-71,-6],[-13,-47],[-48,-22],[-53,34],[-4,18],[-61,22],[-50,29],[-6,23],[-39,32],[-73,39],[65,29],[15,56],[-17,50],[-24,33],[9,43],[45,9],[-14,47],[26,12],[56,-52],[70,-4],[38,37],[24,-20],[69,6],[21,30],[45,11],[-10,45],[-45,-21],[-53,30],[-81,-3],[-108,51],[-26,61],[23,38],[39,17],[-4,25],[-49,19],[-64,127],[1,87],[11,16],[-3,57],[32,18],[12,79],[-95,-54],[-65,38],[-3,29],[-47,58],[-13,44],[2,59],[28,39],[-8,79],[102,14],[60,-79],[48,-8],[96,-48],[57,-51],[126,-79],[54,-49],[65,-115],[52,-53],[13,35],[-55,53],[-49,97],[-42,60],[-49,42],[-56,70],[-53,4],[-64,68],[-43,72],[-52,22],[-35,28],[-28,43],[-67,-1],[-13,26]],[[51446,15467],[47,0],[42,95],[20,14],[53,-11],[35,-33],[0,-25],[78,-40],[34,9],[34,37],[20,-16],[-6,-43],[62,12],[47,-75],[59,3],[29,-34],[42,36],[26,-52],[46,-10],[31,13],[30,57],[31,-33],[44,-18],[14,-27],[-23,-25],[-8,-37],[41,-10],[25,-45],[-45,-54],[-8,-63],[85,-88],[71,16],[31,-16],[75,16],[4,57]],[[52512,15077],[111,-261],[186,-310],[30,-55],[130,-309],[-137,-283],[366,-110],[-80,-365]],[[51976,12373],[30,3],[27,23],[15,-38],[-72,12]],[[51752,13666],[18,13],[53,-18],[78,9],[81,-24],[51,-25],[48,-91],[43,-29],[20,-46],[14,-79],[16,-26],[13,-80],[-5,-36],[35,-53],[102,-25],[44,-75],[21,-15],[28,-71],[3,-30],[38,-28],[16,-33],[78,-44],[-8,-52],[32,-70],[64,-28],[1,-49],[-89,-77],[-33,4],[-59,-58],[-36,-49],[-20,2],[-73,-33],[-63,33],[-32,-19],[-56,21],[-12,65],[-28,-11],[-7,-51],[-58,24],[-9,29],[-104,-7],[3,-50],[17,-75],[-32,-42],[-57,-28],[-56,69],[-31,-16],[-21,23],[-31,-31],[-34,16],[0,36],[-45,31],[-28,-14]],[[51642,12453],[19,53],[-39,40],[-10,113],[22,8],[3,75],[-16,45],[-35,11],[-13,22],[-2,53],[-30,27],[45,61],[-40,3],[-68,83],[47,0],[41,18],[-9,26],[10,43],[-32,42],[24,36],[11,116],[-14,37],[66,0],[37,32],[36,-3],[6,28],[109,37],[13,27],[-35,77],[-36,103]],[[39618,31787],[14,-37],[-18,-33],[-53,-9],[-36,14],[-44,-35],[-22,17],[-117,-11],[-7,-61],[-159,-82],[-42,18],[-56,-1],[-6,24],[-78,-6],[-57,-36],[-86,24],[-88,-63],[-90,12],[-20,14],[-70,-21],[-35,-62],[-75,-82],[-72,-7],[-69,9],[-71,-41],[-41,8],[-76,-25],[3,-65],[-72,-28],[-71,-50],[-43,-13],[-25,15],[-68,5],[-19,32],[-54,12],[-65,36],[-35,-52],[-37,-17],[-98,-3],[-44,-25],[-24,-37],[-60,-52],[-62,-3],[-16,17],[-95,-10],[-21,-26],[-62,-19],[-14,-20],[16,-43],[-4,-62],[-60,-16],[-67,-66],[-160,13],[-110,-41],[-80,-17],[-390,0]],[[36307,30780],[-857,0],[-37,11],[-32,46],[-55,15],[-29,44],[-73,43],[-50,52],[-49,-6]],[[35125,30985],[-70,43],[5,36],[-135,137],[15,32],[-68,101],[-31,-10],[-32,58],[-27,23],[-59,22],[-25,103],[-37,35],[-83,43],[-22,22],[-51,-2],[-29,-21],[-30,-52],[0,657],[-15,0],[0,818],[589,0],[657,0],[63,54],[115,42],[94,58],[115,3],[70,27],[38,-36],[37,22],[89,-8],[32,8],[56,-31],[31,34],[124,27],[82,54],[35,6],[81,53],[78,6],[66,89],[-20,71],[49,51],[38,-8],[38,-30],[37,30],[62,-8],[26,29],[49,1],[42,30],[38,-9],[6,-54],[50,-22],[15,-30],[138,10],[16,-34],[-37,-50],[-2,-32],[-50,-6],[-98,-99],[41,-56],[-25,-33],[57,-37],[-8,-28],[71,-51],[25,1],[52,-55],[68,1],[13,23],[84,-45],[82,-33],[61,6],[13,-44],[36,-30],[0,-40],[-41,-18],[-6,-31],[-74,-32],[-42,-53],[116,-19],[23,-85],[45,4],[34,23],[70,2],[4,34],[89,10],[19,43],[32,2],[52,-38],[140,-1],[73,65],[85,3],[116,92],[76,-27],[20,30],[120,-61],[44,-31],[48,-13],[29,29],[164,-90],[42,32],[40,-22],[8,-27],[76,46],[58,14],[11,50],[96,23],[34,-14],[29,17],[61,-21],[91,22],[38,-18],[55,19],[71,-41],[21,-25],[-32,-77],[-45,-26],[-33,3],[-108,-65],[-13,-47],[54,-41],[42,-8],[28,-32],[-28,-69],[-20,-4],[-65,-49],[37,-29],[-27,-63],[13,-34],[-43,-31],[32,-67],[-37,-39],[40,-57],[44,-7],[-23,-39],[-69,-84],[8,-34],[56,-15],[-10,-49]],[[35466,24095],[-810,0]],[[33695,24232],[-71,40],[-29,39],[-86,-37],[-108,-23],[-26,11],[-53,-21],[-43,-38],[-86,-59],[-23,-54],[-46,-66],[-72,-31],[-11,-60],[-22,-42],[-8,-49],[8,-36],[-7,-86],[-77,-71],[-100,38],[-147,14],[-93,-4],[-115,-28],[-90,-3],[-67,55],[-27,64],[-36,-6],[-42,-34],[-40,37],[-40,-78],[-69,-44],[-93,-40],[-55,-36],[-56,-7],[-46,-39]],[[31819,23538],[0,148],[-405,0],[0,409],[-214,0],[-1037,0],[-634,0]],[[29529,24095],[0,1076],[0,970]],[[29529,26141],[0,1023],[2,0]],[[29531,27164],[954,0],[295,0],[0,171],[20,0],[963,468],[973,454],[756,341],[534,0],[571,0],[552,0],[0,341],[1016,0],[142,0]],[[36307,28939],[571,0],[0,-729]],[[49462,18403],[28,-16],[35,-107],[-7,-72],[-30,11],[-20,92],[-6,92]],[[49456,19184],[370,0]],[[49826,19184],[80,-155],[292,-75],[25,-134],[128,-145],[93,2],[41,-100],[74,-120],[-29,-140],[105,-40]],[[50635,18277],[-194,4],[-777,16]],[[49664,18297],[-3,66],[-31,74],[-3,110],[-18,36],[-10,69],[-22,65],[-26,42],[-20,83],[-37,-9],[-11,35],[7,38],[-51,93],[5,107],[12,78]],[[49044,20086],[379,-876]],[[49423,19210],[-16,-103],[10,-40],[-15,-18],[-93,33],[-50,50],[-13,-34],[84,-63],[28,-13],[20,-65],[-16,-50],[57,-24],[22,-21],[46,-132],[-18,-26],[56,-116],[-60,42],[-22,2],[-1,57],[-36,107],[-54,87],[-47,40],[-57,31],[-27,-13],[23,-50],[70,-85],[15,-28],[3,-71],[31,-73],[42,-9],[30,-41],[-5,-51],[-20,-78],[25,-39],[-28,-25],[14,-66],[-14,-22],[31,-70],[2,-48],[54,-19],[-17,-61],[62,-167],[49,-87],[2,-131],[51,-79],[15,-62],[45,-108],[7,-94],[-21,7],[-4,55],[-40,-29],[10,-55],[21,-21],[0,-51],[14,-15],[37,-103],[-18,-16],[18,-57],[31,-59],[20,-149],[23,-57],[8,-106],[-61,-22],[12,-43],[-19,-26],[18,-72],[33,-84],[-44,-6],[-41,42],[-30,-12],[-70,64],[-53,-11],[-47,34],[-37,67],[-23,76],[-33,44],[-41,182],[-22,61],[2,58],[-47,111]],[[49304,17184],[63,35],[65,-28],[27,-27],[29,11],[12,37],[-22,38],[-31,17],[-17,89],[-38,44],[22,30],[-31,65],[-34,9],[-42,50],[-45,1],[-24,100],[-31,1],[-79,51],[-28,-19],[-41,56],[-24,-27],[-28,47],[28,43],[-2,57],[22,22],[0,60],[41,38],[-7,32],[49,12],[24,-11],[44,22],[56,53],[-28,42],[-31,-10],[-26,15],[-4,45],[48,49],[-1,47],[-39,44],[-39,23],[-9,24],[-60,71],[-29,89],[14,74],[-46,67],[-29,23],[-44,-6],[-62,51],[-32,49],[-80,1],[-45,16],[-25,-25],[-28,8],[2,39],[-75,28],[-14,-45],[-59,44],[-4,28],[-52,-14],[-30,33],[-54,13],[-59,1],[-4,35],[-48,-9],[-57,48],[-34,-12]],[[48179,18978],[-8,38],[30,21],[-9,217],[0,212],[118,-38],[76,35],[76,141],[-2,83],[-129,95],[182,95],[271,52],[260,157]],[[34336,22458],[100,0],[0,-19]],[[34436,22439],[-19,-20],[-12,-72],[31,17],[0,-30],[0,-35]],[[34436,22299],[0,-400]],[[34436,21899],[-12,-25],[-55,-62],[31,-45],[27,38]],[[34427,21805],[0,-97],[114,0],[1,-683],[-10,0],[0,-153],[-17,0],[1,-290],[-96,-41]],[[34420,20541],[-1,46],[-40,-3],[-44,41],[-62,-9],[-22,-50],[-44,-17],[-45,51],[-21,59],[-47,5],[-37,-46],[-29,-12],[-11,36],[-44,-20],[-66,22],[3,41],[94,148],[-28,26],[-37,-26],[-30,1],[-20,-33],[-28,-6],[-17,-60],[-50,-85],[-1,-46],[-16,-44],[-36,-40],[19,-36],[-27,-41],[-18,8],[7,49],[-15,35],[7,122],[-31,6],[-10,81],[-13,168],[-28,36],[-2,66],[-67,-13],[-18,-45],[12,-68],[-11,-81],[61,-90],[-45,-39],[-38,-143],[-22,29],[-57,-19],[-38,-53],[14,-52],[-28,-1],[-13,-77],[-28,-29],[-9,-41],[32,-20],[12,-63],[43,-44],[7,-42],[-35,-32],[-4,71],[-37,9],[-19,85],[-44,4],[28,72],[-32,8],[7,44],[52,51],[-47,13],[-9,109],[-26,54],[-39,10],[-23,-27],[24,-108],[-35,-80],[12,-84],[-72,55],[-51,-13],[39,-30],[28,-66],[32,-22],[-27,-33],[3,-43],[32,-21],[-5,-31],[16,-44],[-3,-69],[-16,-9],[21,-58],[-56,-19],[15,51],[-14,42],[33,16],[-87,57],[-5,27],[-46,2],[-9,45],[-26,27],[-52,-2],[-52,55],[-49,-1],[-15,-40],[104,-57],[36,-68],[23,-15],[1,-60],[-14,-52],[-66,-27],[-6,-37],[-35,-64],[-27,40],[7,40],[-42,36],[-19,-125],[-16,-21],[-29,49],[-16,-33],[41,-48],[38,-19],[-36,-29],[-49,-18],[-55,46],[13,-67],[24,-31],[-67,-30],[-27,3],[25,-68],[-23,-33],[-65,-6],[0,-68],[9,-50],[-43,6],[2,-42],[-49,6],[10,-36],[-31,-37],[-33,20],[23,63],[70,90],[-59,-2],[15,36],[46,-9],[-14,46],[29,36],[-36,20],[51,81],[-2,33],[39,40],[-31,27],[61,87],[-24,28],[34,46],[10,73],[32,70],[-14,46],[-56,-116],[-32,-83],[-14,-68],[-41,-66],[-29,-76],[-31,-18],[-24,-107],[-37,-93],[-24,-35],[-41,13],[-4,70],[-35,22],[5,31],[-22,30],[32,35],[39,72],[-1,54],[-74,-49],[-22,-70],[-25,-23],[-20,20],[-34,-15],[58,-53],[5,-29],[32,-32],[-1,-57],[-71,1],[-1,-17],[59,-17],[13,-21],[-27,-52],[-63,-16],[-38,37],[-49,-19],[-9,-49],[-28,-66],[-38,-33],[-45,-9],[-2,-21],[-39,-70],[-34,-8],[-10,-29],[34,-85],[-55,-79],[-41,8],[-37,-20],[-17,24],[28,44],[-29,30],[-3,38],[-22,17],[-46,-55],[-39,27],[-45,9],[-60,48],[-51,-28],[76,-34],[43,-38],[57,-20],[3,-60],[-24,-33],[-50,-31],[-60,37],[-36,-38],[-15,59],[-45,-41],[-44,31],[-40,51],[-63,21],[-77,-57],[12,-38],[-16,-41],[-77,21],[-16,-27],[-45,-9],[59,-39],[-44,-19],[-97,-3],[-28,-19],[-28,13],[-17,38],[9,54],[-11,55],[-38,-33],[-71,3],[-62,43],[37,50],[-47,12],[-35,-15],[-22,16],[0,58],[-16,77],[27,24],[5,52],[44,33],[55,5],[25,17],[-42,36],[-9,43],[20,50],[80,31],[41,28],[42,-4],[-8,-41],[58,-79],[-34,108],[21,70],[45,13],[14,21],[92,-38],[60,9],[15,25],[67,-41],[-32,88],[35,55],[1,37],[62,2],[41,58],[54,29],[25,-18],[25,56],[48,-10],[64,6],[-34,34],[-19,77],[56,33],[53,46],[-6,55],[40,41],[37,60],[32,14],[0,33],[44,14],[9,23],[-23,49],[-53,-3],[-59,-22],[-78,-66],[-48,-57],[-157,-119],[-41,-6],[-54,-26],[-19,-40],[-56,-47],[-171,36],[-42,26],[-141,115],[-58,93],[-18,58],[43,98],[30,102],[8,58],[44,70],[22,74],[27,158],[17,53],[33,33],[64,116],[112,118],[108,160],[30,86],[15,112],[3,155],[14,24],[80,47],[11,100],[6,184],[14,86],[-39,29],[-38,62],[-29,155],[-49,107],[-4,52],[52,35],[71,17],[34,20],[11,50],[47,18],[124,8],[50,9],[44,22],[16,30],[131,106],[34,40],[45,32],[83,86],[44,32],[40,56],[55,21],[133,88],[77,34],[53,45],[22,3],[40,-35],[59,-137],[108,-153],[61,1],[55,-38],[29,13],[49,-17],[1,-45],[36,13],[0,55],[46,11],[51,98],[56,65],[98,1],[110,-54],[27,-50],[38,2],[52,25],[47,-26],[61,-15],[45,-38],[21,15],[29,-24],[39,-9],[102,2],[31,-16],[73,-3],[20,-22],[35,2],[48,-30],[50,-47]],[[31819,23538],[-69,-46],[-40,-62],[-10,-33],[-66,-152],[-30,-46],[-105,-17],[-58,-19],[-37,-47],[-165,2],[-97,-86],[-55,-42],[-21,-38],[-146,-154],[-34,-52],[2,-41],[26,-73],[27,-47],[51,-128],[-12,-52],[-37,8],[-14,23],[-53,16],[-43,45],[-52,-49],[-52,-8],[-41,-26],[-39,-66],[-28,-10],[-52,-90],[-22,-103],[-57,-33],[-79,-65],[-51,-52],[-49,-70],[-25,-80],[1,-71],[25,-62],[39,-19],[37,-39],[-73,-57],[0,-16],[-75,-24],[-18,-55],[-7,-59],[-26,-37],[-58,-17],[-37,-27],[-41,-51],[-13,-42],[-69,-19],[-56,49],[-32,-16],[-37,16],[-33,-41],[-42,4],[-110,37],[34,-55],[58,-46],[44,-11],[34,-47],[64,-45],[-11,-36],[33,-45],[68,-47],[28,-55],[-4,-67],[-28,-50],[1,-28],[-93,-126],[-12,-91],[-17,-29],[-94,-41],[-19,-42],[-65,-7],[-25,19],[-59,-17],[-23,19],[-85,-1],[-40,-25],[-81,-30],[-18,12],[-42,-29],[-44,-59],[46,-6],[54,-38],[43,15],[21,43],[78,2],[21,-13],[12,-43],[-8,-67],[-54,-179],[-53,-54],[-61,-26],[-9,-39],[-73,-49],[-46,11],[-23,72],[-43,-15],[17,-31],[2,-46],[-44,-22],[-51,38],[-35,-2],[-5,32],[37,32],[0,33],[18,50],[-9,77],[-61,101],[-31,-26],[22,-111],[-1,-44],[-19,-48],[-7,-61],[-29,-35],[-42,-9],[-42,8],[-70,74],[3,-54],[-82,-12],[23,-44],[66,21],[22,-45],[45,-13],[4,-40],[-30,-83],[-75,3],[-79,-9],[-53,-29],[-8,-34],[46,-45],[34,-98],[-43,-36],[16,-32],[-108,-41],[-52,15],[-38,-16],[-54,-79],[-36,8],[-48,-25],[-23,30],[-65,-54],[-40,0],[47,-54],[56,22],[66,-9],[-34,-43],[-66,-35],[-38,-32],[-27,-79],[-5,-86],[10,-89],[-22,12],[-36,-23],[15,-29],[-33,-26],[-33,4],[-43,-65],[5,-32],[69,-5],[28,-12],[7,-45],[-32,-20],[15,-41],[-19,-33],[40,-79],[26,-15],[25,23],[64,96],[49,4],[80,-16],[34,-17],[74,-14],[74,58],[42,-31],[53,24],[63,-111],[44,-53],[62,-46],[37,-8],[39,38],[50,-62],[40,0],[8,-53],[41,-60],[38,0],[-3,-40],[12,-59],[-22,-40],[29,-27]],[[29174,18024],[-365,-1],[0,-272],[-201,0],[0,-205],[-559,0]],[[28049,17546],[-373,0],[0,205],[-60,0],[0,818],[-60,0],[0,410],[380,0],[0,409],[326,0],[0,205],[192,0],[0,409],[192,0],[0,205],[143,0],[0,818],[145,0],[0,819],[148,0],[0,819],[-49,0],[0,204]],[[29033,22867],[0,614],[-51,0],[0,614],[547,0]],[[33637,20501],[33,13],[-26,35],[42,21],[-11,-64],[-38,-5]],[[33584,20375],[15,43],[36,-26],[-51,-17]],[[32422,19242],[16,16],[57,10],[6,-24],[-17,-71],[-38,21],[28,43],[-52,5]],[[32044,19119],[5,50],[24,-7],[13,60],[30,16],[3,80],[13,35],[65,-25],[31,-32],[-13,-22],[15,-42],[-10,-37],[-48,-41],[-22,-69],[-45,-38],[-61,72]],[[31192,18714],[31,0],[58,-34],[21,-36],[-11,-24],[-38,15],[-56,40],[-5,39]],[[30970,18640],[24,33],[74,-47],[-26,-34],[-59,13],[-13,35]],[[30794,18734],[66,52],[37,-34],[-20,-67],[-83,49]],[[30563,21541],[10,42],[45,1],[29,20],[6,49],[-15,22],[43,27],[18,47],[10,70],[-15,33],[24,59],[26,33],[100,-70],[-66,-50],[8,-43],[-65,-42],[-40,-80],[28,-56],[-36,-28],[-99,-44],[-11,10]],[[29936,21116],[22,38],[47,-22],[14,-29],[15,-138],[-39,30],[-59,121]],[[29245,18024],[-56,0]],[[29189,18024],[43,23],[13,-23]],[[28880,19253],[16,37],[71,2],[38,32],[52,20],[33,-8],[13,-42],[35,-45],[8,-40],[-26,-45],[-63,-25],[-106,-17],[-44,35],[10,53],[-37,43]],[[43082,21652],[0,-201],[80,-31],[182,-78],[281,-96],[71,209],[539,-298],[325,362],[698,41],[3,-78],[-143,-546],[164,-221],[288,-166],[103,-43],[32,-144],[12,-84],[48,-97],[445,-475],[252,-270],[454,-494],[74,-327],[47,-284],[-30,-185]],[[47007,18146],[-473,-232]],[[46534,17914],[18,25],[6,52],[-22,93],[-69,96],[-77,90],[-114,105],[-13,29],[-60,51],[-113,69],[-224,100],[-83,32],[-80,64],[-137,130],[-95,75],[-78,49],[-101,54],[-249,123],[-63,34],[-166,112],[-148,108],[-80,72],[-192,136],[-28,33],[31,40],[65,-39],[47,69],[27,0],[13,45],[-22,25],[30,45],[25,-21],[-7,-62],[7,-37],[48,37],[56,140],[58,71],[52,80],[-71,76],[-21,59],[-19,21],[-19,62],[6,39],[-36,67],[-11,66],[9,68],[24,6],[65,54],[29,51],[2,34],[37,73],[-39,60],[-36,29],[-34,-66],[-29,-29],[4,-57],[-12,-53],[-114,-62],[-65,-116],[6,-66],[-11,-37],[-35,-27],[-113,-49],[-46,-14],[-122,-65],[-81,-31],[-54,-28],[-50,-64],[-102,-38],[-85,13],[-327,36],[-177,45],[-62,22],[-103,65],[-118,60],[-223,118],[-99,45],[-85,50],[22,43],[34,19],[10,32],[31,19],[31,-7],[54,23],[-6,66],[28,32],[8,40],[-26,41],[-8,44],[-44,57],[43,0],[18,49],[40,24],[20,40],[74,35],[16,72],[-20,10],[-29,-72],[-53,-29],[-43,-36],[-38,-17],[-61,14],[-20,34],[10,86],[-42,20],[-31,-54],[-65,37],[-36,48],[-33,3],[-3,-39],[27,-62],[38,-16],[25,-29],[22,-56],[-1,-35],[42,-11],[53,-75],[-35,-62],[-116,-39],[-46,-51],[-58,-17],[-98,-4],[-61,4],[-163,89],[-125,46],[-123,18],[-117,43],[-105,27],[-99,16],[-54,0],[-17,20],[-102,29],[-181,23],[-126,4],[-112,-11],[-94,-25],[-155,-34],[-442,-46],[-115,-16],[-82,-28],[-130,-58],[-47,-29],[-47,-11]],[[39816,20694],[0,90],[172,258],[618,917],[367,0],[1020,1]],[[44667,20061],[15,35],[38,-8],[39,-27],[-46,-32],[-46,32]],[[44434,19751],[36,36],[29,54],[25,11],[-9,-123],[-35,-8],[-24,-40],[-22,70]],[[21021,25322],[1110,0],[324,0],[0,205],[828,0],[0,205],[1014,0],[644,0],[0,-205],[1119,0],[121,0],[1020,0],[1031,0],[438,0],[0,205],[415,0],[0,204],[367,0],[0,205],[77,0]],[[29033,22867],[-923,0],[-282,0],[-1119,0],[-567,0]],[[20457,17985],[-34,-31]],[[20121,17750],[-32,-39],[-16,-47],[-3,-60],[16,-36],[-128,-46],[-60,-33],[-35,-63],[-37,8],[-42,-15],[-51,-47],[-14,-45],[-52,-7],[-29,-16],[3,64],[-19,57],[-54,64],[-90,0],[-37,9],[-25,-22],[-30,20],[-105,-25],[-33,25],[-54,17],[-12,37],[41,7],[10,26],[106,5],[30,25],[31,-31],[28,-5],[-1,-39],[64,12],[41,43],[16,47],[-30,33],[24,42],[45,30],[35,71],[23,93],[-4,62],[-30,120],[-6,209],[-22,60],[-38,74],[22,51],[-64,42],[-115,189],[-36,103],[-49,172],[27,56],[44,118],[42,33],[1,63],[84,40],[19,63],[21,25],[29,-6],[18,67],[20,19],[50,2],[33,26],[12,46],[-46,77],[-33,68],[-49,66],[-18,48],[-43,72],[-7,85],[-18,34],[11,31],[-54,85],[1,26],[-45,118],[-105,142],[-27,56],[-29,96],[7,64],[-19,34],[-27,8],[-32,48],[-43,96],[-16,73],[-37,6],[-17,60],[-54,57],[-58,134],[-89,12],[-44,-68],[-10,-40],[6,-138],[18,-95],[-38,-77],[-36,-37],[-98,-18],[-101,42],[-26,-17],[4,-38],[-28,-44],[-50,-38],[-84,-25],[-130,-88],[-100,-59],[-122,-51],[-71,-14],[-58,-25],[-153,-35],[-136,-18],[-159,-13],[-132,1],[-159,28],[-99,32],[-97,51],[-33,47],[-53,150],[-10,44],[53,50],[28,-7],[36,16],[-4,45],[-31,21],[-63,74],[-130,69],[-24,-2],[-31,51],[-20,-6],[-48,90],[-72,121],[6,37],[-35,43],[-46,18],[-61,54],[-33,40],[-28,93],[-2,50],[-50,-35],[-38,0],[-100,19],[-58,27],[-59,42],[-89,80],[-93,114],[-34,51],[37,50],[49,10],[59,51],[17,59],[23,7],[8,46],[-14,27],[-102,11],[-46,-29],[-22,-28],[-43,-14],[-41,-41],[-84,-9],[-38,24],[-83,18],[-46,106],[29,16],[12,36],[32,5],[67,-13],[47,35],[-4,31],[29,36],[44,-2],[26,28],[20,49],[58,12],[12,44],[30,35],[40,-4],[59,59],[7,35],[-47,45],[-25,53],[-2,46],[42,0],[124,77],[26,58],[-15,27],[-61,42],[-27,38],[-3,31],[21,51],[22,13],[-7,45],[-33,-2],[-80,-87],[-56,1],[-59,23]],[[15946,22700],[26,96],[79,-35],[50,-57],[-62,-31],[-60,-18],[-33,45]],[[13200,21227],[54,-29],[49,45],[81,34],[49,-31],[27,30],[65,-3],[90,-16],[57,-24],[112,19],[3,-43],[39,-5],[38,27],[23,-24],[35,48],[19,50],[-28,52],[18,37],[84,70],[39,15],[47,-2],[2,28],[78,-51],[25,34],[-13,71],[50,24],[44,53],[94,-36],[38,-39],[89,62],[117,29],[48,-33],[24,29],[33,-76],[39,-43],[-7,-39],[84,-22],[86,14],[12,46],[36,10],[82,-44],[39,1],[10,-31],[94,-47],[-13,-28],[24,-29],[-23,-38],[-37,-12],[9,-44],[32,-9],[9,-61],[-32,-41],[-16,-45],[12,-22],[42,5],[-10,-38],[26,-54],[-4,-48],[-47,-64],[29,-30],[-1,-52],[58,-38],[-22,-72],[52,-53],[29,33],[28,-18],[-30,-29],[-11,-40],[30,-37],[-19,-42],[-40,0],[-20,-22],[-96,-22],[-14,28],[-35,2],[-54,-28],[-22,4],[-49,-46],[-83,9],[-105,-47],[-78,-69],[-39,-13],[37,-46],[-3,-22],[35,-45],[-8,-32],[-72,-29],[-41,4],[-25,30],[-6,45],[-86,89],[-55,16],[-22,29],[-80,38],[-82,-24],[-52,10],[-70,-1],[-70,75],[-92,27],[-32,44],[-59,56],[-75,60],[-72,40],[-56,15],[-33,23],[-67,-9],[-69,53],[-66,71],[-19,37],[-72,9],[-34,23],[10,43],[-18,89],[-60,103],[-18,42],[-53,57]],[[6870,21914],[27,107],[-1,33],[38,14],[39,40],[24,51],[44,-3],[1,-40],[-22,-62],[57,-141],[82,-69],[36,-50],[93,-67],[94,-62],[89,-33],[96,0],[18,23],[55,-33],[48,-54],[93,-79],[44,-23],[-40,-37],[-45,-4],[-37,76],[-95,20],[-103,-3],[-42,-23],[-67,-20],[-36,43],[-112,63],[-45,69],[-94,98],[-49,43],[-41,61],[-58,11],[-37,28],[-43,4],[-11,19]],[[6805,22289],[33,82],[30,0],[7,-119],[-34,-1],[-36,38]],[[39816,20694],[-76,28],[-30,36],[-94,17],[-62,-12],[-67,17],[-80,3],[44,39],[78,6],[40,-14],[23,19],[57,-3],[-28,67],[-97,82],[-51,17],[-18,31],[-46,6],[-48,30],[12,34],[-30,16],[7,36],[-75,-26],[-67,4],[-51,-9],[-59,43],[-38,-25],[-67,44],[-71,33],[-66,18],[-187,19],[-21,23],[70,37],[68,7],[67,25],[-40,48],[-38,-3],[-75,26],[-34,-24],[-52,19],[-10,49],[71,126],[21,72],[88,163],[-41,2],[-50,-16],[-28,-33],[-9,-39],[-108,-30],[-42,-29],[-33,-54],[-32,-96],[-1,-78],[-32,-20],[-32,27],[-58,-13],[-93,64],[-12,20],[-59,21],[-92,83],[-46,13],[-24,27],[16,46],[-56,19],[-58,51],[-111,29],[-45,-6],[-32,16],[-18,-20],[-113,-24],[-97,52],[56,65],[24,-13],[52,52],[57,28],[60,109],[34,29],[34,73],[14,49],[53,42],[-5,36],[-157,-88],[-95,-40],[-9,30],[35,29],[-19,23],[-57,18],[-35,-11],[-13,-58],[-72,-20],[-2,61],[83,139],[-40,-20],[-90,-69],[-87,-47],[-30,-27],[-124,-14],[-14,56],[36,17],[51,68],[78,67],[27,9],[49,44],[22,45],[-39,42],[-62,-96],[-37,-11],[-74,39],[-8,-60],[-26,-14],[-48,1],[-21,21],[-15,53],[-34,-52],[-33,-18],[-14,-52],[-35,-18],[-72,-13],[-35,23],[-65,-1],[-43,-20],[-47,29],[3,44],[-41,50],[29,18],[19,-30],[28,25],[29,52],[32,-17],[-9,-38],[77,44],[-1,39],[67,-2],[111,36],[29,1],[94,72],[15,56],[110,16],[-63,65],[-16,-18],[-35,30],[-30,-60],[-75,-79],[-80,-23],[-13,51],[-40,-47],[-83,-6],[-40,17],[8,48],[-36,33],[-22,-26],[-17,-53],[-22,-2],[7,61],[22,50],[-30,28],[-41,-41],[-68,115],[-1,45],[89,25],[34,-34],[43,7],[-22,48],[-30,15],[-50,-17],[-44,47],[24,28],[1,54],[30,73],[27,-20],[55,3],[28,29],[-90,28],[-9,33],[45,47],[56,-10],[62,10],[93,-4],[63,20],[51,-16],[113,9],[-26,53],[-37,44],[-122,-9],[-19,24],[-58,-4],[-34,-20],[-129,-9],[-41,-30],[-32,-57],[-23,-65],[-109,-40],[-76,-120],[-27,-65],[-54,-46],[-46,-26],[-28,19],[-54,8],[47,55],[32,7],[-1,42],[-27,84],[11,32],[-21,37],[-6,51],[-39,48],[-16,62],[44,22],[26,48],[-91,16],[-48,-33],[17,-101],[-27,-22],[30,-28],[22,-141],[-71,-98],[9,-87],[-44,-19],[-46,48],[0,76],[-69,-25],[2,-30],[32,-77],[-11,-14],[-63,-13],[-13,-46],[-40,-30],[-50,21],[-51,4],[10,41],[-13,23],[68,93],[-15,12],[-41,-58],[-17,46],[5,70],[-16,1],[-16,-63],[-19,-31],[-6,-94],[-12,-44],[-28,20],[11,57],[-5,70],[-14,64],[28,33],[4,37],[-9,108],[39,16],[-22,39],[5,33],[-39,96],[-31,-13],[17,-32],[5,-57],[-19,-68],[-38,-81],[19,-29],[-45,-124],[35,-24],[2,-29],[-24,-57],[22,-40],[4,-43],[-11,-77],[-73,-28],[-14,40],[1,49],[-54,14],[-15,27],[24,94],[-30,10],[-50,-153],[-29,-11],[79,-60],[-33,-73],[-120,38],[-34,51],[-12,97],[-33,-87],[39,-68],[-6,-33],[-48,-19],[-81,-49],[-41,16],[-33,-8],[-51,27],[-8,50],[31,70],[-7,32],[38,72],[-9,47],[26,20],[41,73],[36,29],[36,78],[39,46],[7,66],[36,60],[-46,6],[64,66],[45,69],[93,111],[8,23],[69,27],[74,50],[-59,18],[-81,-34],[47,71],[23,57],[-36,19],[-73,-95],[-41,-92],[-46,-45],[-146,-210],[1,-77],[-77,-102],[-24,-13],[-13,69],[-17,8],[-6,72],[-35,74],[18,33],[-47,3],[-14,-68],[-43,9],[-70,-19],[-50,-59],[-72,2],[-4,-26],[47,-14],[-18,-69],[-28,-35],[-45,-31],[26,-31],[45,30],[74,125],[60,44],[101,37],[-1,-87],[-12,-105],[-25,-54],[-41,-26],[2,-42],[-70,43],[10,-83],[30,-15],[-50,-112],[22,-9],[-18,-66],[-83,57],[-25,-32],[73,-67],[-23,-36],[-33,4],[-45,60],[-86,3],[-49,-24],[-67,12],[-70,-60],[-58,-33],[5,-25],[55,6],[106,67],[41,-19],[51,22],[41,-6],[-15,-54],[-73,2],[-63,-39],[-36,-35],[-42,-63]],[[34436,22299],[61,75],[36,97],[35,21],[39,50],[63,-38],[11,35],[50,28],[38,-30],[-16,-21],[10,-57],[-35,-31],[12,-85],[-30,-53],[-40,-24],[44,-38],[56,70],[13,60],[56,77],[34,81],[37,13],[103,-14],[48,-47],[16,-179],[-47,-55],[-43,-17],[-18,82],[-22,10],[-30,50],[-16,-21],[45,-75],[-7,-51],[25,-43],[-63,-53],[-103,-133],[-81,33],[-47,55],[-33,8],[-53,-20],[-122,-119],[-26,-41]],[[34427,21805],[31,8],[63,77],[22,37],[29,7],[100,81],[21,-33],[-10,-36],[61,7],[10,-39],[29,4],[50,-48],[66,15],[0,67],[49,56],[24,-15],[3,-82],[17,1],[-6,94],[26,97],[28,-6],[14,38],[31,-1],[23,-64],[29,-19],[-48,-35],[13,-44],[41,46],[25,-22],[-5,-48],[39,5],[18,-45],[-24,-60],[-29,-30],[33,-26],[28,28],[22,-60],[-25,-39],[-32,-9],[-53,-60],[-53,-5],[-9,-34],[-73,16],[34,-53],[-13,-27],[-38,-24],[-61,10],[17,-90],[-107,-103],[-29,3],[-14,33],[-39,22],[-46,-41],[42,-15],[35,-78],[32,-25],[48,75],[77,24],[27,-23],[-7,-26],[-47,-9],[51,-77],[-16,-67],[19,-22],[39,169],[71,-52],[-31,-48],[-27,-76],[54,-56],[12,77],[-3,50],[36,23],[13,-31],[-44,-130],[-26,-38],[18,-16],[-26,-65],[-39,-64],[5,-26],[-37,-43],[-62,-31],[-55,10],[-45,21],[134,20],[-65,21],[-48,1],[13,37],[37,11],[29,32],[-78,37],[-10,57],[15,39],[-2,52],[-27,23],[-37,-3],[-13,-36],[15,-30],[-26,-17],[-21,-66],[25,-31],[-15,-62],[-20,-9],[-14,-72],[14,-44],[-4,-62],[-25,-45],[-6,-38],[-49,12],[-3,42],[-19,17],[-5,53],[-18,3],[-34,67],[-5,-145],[-17,-47],[-63,-67],[-61,1]],[[39206,21095],[35,-1],[74,-29],[13,-44],[-5,-46],[-22,-32],[-29,57],[-56,64],[-10,31]],[[39011,20236],[31,79],[15,64],[54,69],[83,91],[14,48],[39,4],[59,66],[0,27],[143,57],[-9,-47],[-78,-65],[-89,-92],[-44,-36],[-46,-78],[-36,-22],[-46,-53],[-42,-73],[-48,-39]],[[37424,21663],[66,27],[68,-25],[37,4],[46,-27],[80,3],[-7,-69],[-29,-16],[-58,-6],[-40,17],[-27,38],[-129,40],[-7,14]],[[37056,21823],[19,34],[0,39],[34,51],[77,5],[69,22],[18,-14],[81,57],[63,20],[22,37],[27,-22],[22,49],[57,17],[59,-5],[63,24],[33,-28],[-44,-59],[-253,-142],[-71,-55],[-159,-62],[-95,6],[-22,26]],[[36610,21628],[21,14],[8,57],[25,33],[42,85],[37,50],[85,9],[27,-36],[53,4],[27,-13],[59,36],[48,-34],[-18,-98],[28,-49],[40,22],[74,11],[121,29],[9,-45],[37,-4],[12,-112],[-75,7],[-50,-17],[-67,-60],[-26,20],[-74,-13],[-108,-59],[-57,-43],[-70,-76],[-70,-62],[-49,3],[-9,38],[-27,3],[-18,57],[51,51],[99,53],[6,27],[36,0],[12,61],[-51,-22],[-54,6],[-23,-49],[-23,-10],[-43,42],[-33,-9],[-12,93]],[[36514,22659],[0,53],[35,63],[34,-36],[9,64],[53,-73],[-20,-27],[-10,-60],[-73,-14],[-28,30]],[[35941,22802],[69,16],[9,35],[53,16],[24,-37],[28,20],[26,-35],[66,-9],[-43,-49],[-38,-19],[-39,16],[-7,46],[-40,-31],[-23,17],[-56,-2],[-29,16]],[[35834,22383],[65,31],[7,-28],[-24,-43],[-48,40]],[[35761,22450],[80,5],[3,-34],[-76,12],[-7,17]],[[35739,22273],[46,15],[31,56],[29,9],[34,-87],[21,33],[44,-28],[-27,-60],[-25,-7],[-48,47],[-13,-38],[-48,-4],[29,51],[-58,-13],[-15,26]],[[35739,21336],[41,18],[39,54],[41,33],[14,-24],[45,30],[5,-66],[-22,-25],[-57,-27],[-76,-65],[-30,72]],[[35597,22050],[49,-14],[-11,-71],[-37,58],[-1,27]],[[35258,20223],[32,22],[2,47],[-16,51],[29,59],[29,23],[90,5],[-37,82],[10,28],[51,33],[23,48],[62,-2],[21,32],[-21,32],[-1,36],[81,41],[47,45],[20,45],[136,101],[34,42],[6,31],[28,35],[1,47],[34,23],[47,90],[-11,37],[113,36],[-2,66],[13,30],[-30,15],[13,48],[49,3],[-1,27],[-40,15],[0,51],[55,30],[9,25],[62,20],[3,-45],[-50,-44],[77,-5],[79,12],[-15,-51],[-80,-74],[-27,-52],[21,-14],[63,40],[36,45],[32,0],[26,25],[40,-8],[1,-37],[-34,-48],[-22,-52],[-130,-113],[-4,-17],[-55,-31],[-75,-69],[-74,-115],[-43,-48],[-62,-88],[-27,-97],[14,-24],[-12,-47],[31,-30],[-23,-19],[-54,31],[-85,-64],[-4,-47],[15,-25],[48,-12],[-7,-55],[10,-22],[-30,-34],[-68,-40],[-52,31],[-48,-5],[-43,-49],[-6,-34],[-45,-23],[-48,-9],[-69,-39],[-33,-36],[-50,-14],[-36,17],[-23,36]],[[35213,21318],[35,27],[8,59],[17,25],[97,9],[37,12],[27,32],[33,13],[-19,38],[-53,-43],[-42,-21],[-54,3],[-14,51],[35,15],[-10,44],[29,33],[41,162],[101,-1],[12,150],[33,9],[26,-38],[26,29],[-17,68],[44,-25],[21,-60],[-29,-54],[6,-40],[-33,-20],[45,-68],[-41,-35],[-43,-6],[15,-54],[54,15],[10,-55],[-55,-87],[3,-34],[-72,-89],[5,-34],[-26,-16],[12,-47],[42,16],[-24,-92],[-25,-20],[-21,-95],[-32,13],[-62,70],[34,72],[-160,17],[5,35],[-21,17]],[[35154,22437],[34,10],[20,-61],[20,-5],[-25,92],[30,15],[55,-26],[64,-101],[-23,-50],[-71,21],[-7,-57],[-74,73],[4,58],[-27,31]],[[35126,21108],[26,53],[21,-42],[-32,-44],[-15,33]],[[35113,20608],[57,96],[31,40],[43,31],[9,48],[59,68],[34,23],[40,-46],[-58,-153],[-58,-61],[-128,-73],[-29,27]],[[35002,21466],[8,37],[62,32],[-7,30],[50,51],[77,-13],[-4,-52],[-30,-81],[-6,-81],[-61,-17],[-57,17],[-27,33],[-5,44]],[[35005,20722],[26,14],[16,112],[21,31],[23,65],[37,21],[4,24],[88,36],[59,12],[23,-65],[-107,-103],[-5,-32],[-46,-5],[-40,-33],[-63,-106],[-36,29]],[[34895,20582],[40,0],[43,92],[39,-19],[43,8],[45,78],[60,77],[20,-25],[-50,-91],[-63,-81],[-77,-44],[-71,-12],[-29,17]],[[29245,18024],[-42,-38],[-53,23],[-18,-14],[-19,-61],[-12,-99],[-17,-60],[-57,-95],[-40,8],[-32,-50],[-52,-14],[-30,-54],[-12,-69],[-45,-5],[-33,-40],[-83,-12],[-38,-12],[-79,18],[-60,-11],[-15,-52],[9,-40],[-16,-33],[-12,-70],[-15,-32],[3,-39],[-29,-12],[-49,6],[-70,-14],[-16,-24],[23,-161],[52,-13],[27,-28],[-15,-34],[-38,-13],[-13,-33],[-52,5],[-14,-20],[-83,20],[-55,-65],[-114,-92],[26,-66],[22,-10],[35,29],[-3,55],[64,-6],[22,64],[35,-16],[13,-53],[37,-33],[-113,-57],[62,-53],[5,-45],[-20,-32],[-66,-33],[-30,8],[-29,29],[-11,-51],[12,-41],[35,-14],[28,-53],[-61,-8],[-67,73],[-8,-89],[23,-25],[6,-58],[-32,-8],[-58,96],[-21,8],[-28,46],[0,39],[-41,66],[5,-115],[22,-111],[-35,-6],[-139,73],[-13,-15],[18,-53],[27,17],[23,-21],[-7,-31],[25,-29],[-35,-105],[-82,18],[-11,73],[-36,-1],[-45,-27],[-17,-90],[-36,-24],[-43,-6],[-24,41],[-39,14],[-58,-4],[-48,-47],[-28,-1],[-50,-24],[-4,-48],[-24,-46],[-28,7],[-46,-19],[4,-27],[57,-88],[-24,-56],[-78,-42],[-57,36],[-32,-16],[16,-64],[-21,-23],[-47,-13],[-61,18],[-6,-105],[18,-48],[29,-35],[-7,-59],[-50,-2],[-35,-29],[-42,74],[-89,28],[-76,83],[-42,-12],[-23,-32],[7,-54],[-26,-76],[3,-40],[59,-52],[-18,-42],[-110,-33],[-50,-32],[-45,10],[46,-78],[10,-60],[-10,-23],[1,-59],[-54,8],[-35,36],[-2,34],[-38,-21],[-14,-35],[-56,-22],[-25,-22],[-43,23],[-38,55],[-43,-6],[20,-102],[-18,-3],[8,-121],[24,-42],[-11,-40],[-79,9],[-42,72],[-57,32],[-31,-24],[-13,-62],[-68,-37],[-49,-13],[-88,-123],[-36,-13],[-27,-52],[-92,-45],[-11,-47],[16,-55],[21,18],[139,66],[45,15],[31,-24],[-17,-32],[29,-16],[-26,-104],[-46,-8],[-28,-59],[25,-53],[61,-29],[-5,-21]],[[25768,14063],[-474,0],[0,171],[89,0],[0,136],[60,0],[0,103],[89,0],[-14,68],[61,0],[0,170],[60,0],[-1,103],[61,0],[0,34],[30,0],[0,68],[182,0],[0,-34],[90,0],[0,68],[30,0],[0,34],[30,0],[0,69],[61,0],[0,34],[60,0],[0,-103],[30,0],[0,35],[31,0],[0,34],[30,0],[0,34],[60,0],[-30,34],[0,34],[-60,0],[-1,102],[151,0],[0,69],[24,0],[0,102],[61,0],[0,136],[183,0],[0,69],[92,0],[0,102],[121,0],[0,378],[59,0],[0,136],[-61,0],[-1,205],[124,0],[0,102],[184,0],[1,69],[60,0],[0,68],[154,0],[0,34],[155,0],[0,68],[185,0],[0,68],[122,0],[0,69],[37,0],[0,68],[93,0],[0,102],[63,0],[0,444]],[[29174,18024],[15,0]],[[30777,16471],[2,40],[30,33],[-12,38],[45,53],[48,-24],[8,-35],[-6,-74],[-15,-56],[-62,-52],[-38,77]],[[30633,18166],[49,24],[26,-26],[-59,-15],[-16,17]],[[30309,15426],[45,49],[39,-6],[-65,-46],[-19,3]],[[30300,14502],[43,65],[29,-24],[-37,-39],[-35,-2]],[[30255,18167],[36,-6],[36,98],[70,-42],[37,4],[-50,-63],[-58,-17],[-41,4],[-30,22]],[[30255,15489],[34,44],[21,-44],[-16,-34],[-32,-14],[-7,48]],[[30076,15817],[85,92],[43,-77],[50,-4],[38,-28],[-41,-71],[-47,7],[-31,32],[-71,52],[-26,-3]],[[29687,15904],[15,32],[61,20],[49,-6],[32,22],[-19,-94],[-24,-50],[-23,-10],[-77,49],[-14,37]],[[29057,16148],[25,47],[67,46],[0,45],[47,64],[41,-4],[72,-100],[29,-29],[88,1],[44,51],[-120,-4],[-8,40],[-60,76],[10,99],[40,36],[28,-20],[72,-16],[33,-17],[56,14],[1,50],[-68,36],[-39,57],[38,42],[24,64],[65,-23],[11,-20],[69,-9],[14,-28],[50,38],[19,-15],[27,32],[-97,28],[-32,64],[52,22],[49,-26],[30,-39],[45,-20],[9,24],[-41,61],[27,17],[2,41],[-30,-2],[-20,33],[-28,0],[-11,53],[57,2],[40,38],[7,41],[25,7],[6,44],[76,10],[27,45],[52,-32],[30,1],[38,-25],[32,20],[-96,65],[-24,0],[-38,29],[15,57],[-26,18],[10,60],[22,24],[-4,31],[35,44],[22,-4],[19,37],[31,-45],[47,-9],[58,85],[42,-58],[18,43],[67,28],[-13,-99],[18,-21],[-38,-59],[-12,-42],[21,-29],[-43,-41],[-10,-50],[-79,-58],[-38,-101],[8,-33],[42,-31],[-29,-62],[9,-50],[36,0],[21,49],[28,-56],[46,22],[3,48],[27,33],[-19,54],[38,45],[47,-27],[42,-44],[35,-56],[-27,-29],[28,-40],[36,12],[15,41],[48,44],[14,-49],[30,3],[-25,-110],[-31,-81],[-9,-62],[5,-100],[18,11],[20,70],[2,47],[27,69],[30,5],[-16,-89],[42,38],[39,129],[39,-26],[-6,-41],[6,-132],[-25,-44],[16,-18],[-31,-62],[-36,4],[-28,-28],[13,-29],[-43,-71],[-34,-14],[-26,22],[-6,45],[-48,-11],[-19,11],[-26,68],[20,17],[-18,43],[-47,20],[-53,5],[-1,-67],[25,-24],[0,-60],[-48,30],[7,-65],[70,-66],[-91,-56],[-4,32],[-40,9],[-11,-22],[-68,42],[-8,-26],[-70,-22],[-12,-67],[-28,-4],[-14,73],[12,47],[-2,95],[-36,23],[-13,-79],[-1,-73],[-29,-86],[-29,-58],[-86,-26],[-51,6],[26,-65],[-28,-77],[-21,-9],[-62,10],[-42,-56],[-28,17],[-76,3],[-27,17],[-47,5],[-44,26],[-49,47],[-88,34],[-38,29],[-63,13],[-76,-29],[-16,34],[-45,20]],[[28833,13407],[67,34],[1,-34],[-36,-30],[-32,30]],[[28224,12896],[22,51],[20,16],[28,-14],[28,29],[56,-2],[-7,-76],[-109,23],[-38,-27]],[[27991,12563],[57,103],[28,26],[75,47],[31,-23],[55,6],[55,23],[21,-33],[2,-35],[36,-73],[25,-17],[91,14],[36,14],[43,-5],[7,-27],[-22,-46],[-59,-34],[-16,-29],[-56,4],[-69,-14],[-51,0],[-61,22],[-78,-39],[-50,26],[-73,8],[-25,42],[-2,40]],[[27819,16157],[18,16],[40,-37],[-42,-16],[-16,37]],[[27503,12301],[32,76],[45,86],[43,62],[56,47],[92,95],[51,34],[45,2],[81,-36],[15,-37],[-5,-40],[-80,-65],[-5,-30],[-97,-41],[-52,-30],[-42,-36],[-103,-148],[-34,-8],[-35,38],[-7,31]],[[27502,14465],[19,43],[47,-19],[22,27],[21,53],[3,63],[-22,27],[58,62],[38,123],[53,27],[61,51],[17,62],[19,24],[41,-16],[44,23],[31,54],[54,44],[10,36],[41,-3],[47,13],[40,48],[145,-27],[76,24],[56,-27],[-10,-44],[11,-23],[-3,-83],[13,-44],[-15,-55],[67,-26],[5,-62],[55,17],[-6,74],[80,96],[-82,110],[16,41],[49,-5],[90,6],[22,-18],[69,-4],[15,25],[-31,41],[-33,11],[-105,53],[-27,-3],[-48,25],[-64,-11],[-18,77],[10,43],[-8,51],[4,83],[73,68],[12,61],[76,12],[62,57],[82,-31],[49,4],[-14,-44],[10,-45],[28,1],[30,-28],[14,-65],[17,-16],[14,-54],[-22,-37],[-2,-88],[33,-25],[19,59],[19,94],[28,-25],[30,7],[-6,38],[-39,69],[-9,52],[16,16],[71,-26],[62,-50],[62,-19],[32,40],[-51,12],[-16,62],[-72,16],[-17,34],[-49,15],[-43,46],[-50,71],[21,77],[43,23],[19,-5],[47,-45],[55,-35],[30,-8],[35,-54],[35,-12],[26,-64],[31,-50],[29,1],[-33,85],[77,-30],[18,-34],[71,-44],[-5,54],[-22,12],[-23,45],[-69,78],[-10,30],[-75,43],[-40,82],[26,23],[34,-8],[56,-65],[53,-9],[39,-40],[36,25],[34,4],[62,-34],[47,-5],[31,10],[34,-32],[59,-12],[51,-38],[8,-35],[-71,-47],[-2,-38],[-57,-105],[23,-52],[-26,-49],[15,-59],[33,-31],[27,7],[-4,99],[7,101],[18,34],[51,41],[29,-35],[17,-55],[19,3],[13,83],[18,33],[45,24],[29,32],[2,57],[53,14],[1,-34],[39,-26],[40,26],[56,-37],[12,-57],[35,-6],[26,-29],[-46,-51],[28,-40],[23,21],[57,21],[1,-36],[-20,-45],[-93,-46],[-43,-60],[4,-24],[-46,-60],[8,-31],[39,39],[14,-48],[-6,-68],[-40,-31],[24,-32],[22,30],[81,70],[29,-23],[-53,-66],[-37,-87],[-11,-46],[37,0],[21,35],[51,47],[22,58],[34,-41],[-1,-40],[53,25],[23,-33],[83,18],[20,-74],[-116,-152],[-40,-25],[-35,-114],[-2,-67],[-14,-43],[-78,34],[-55,16],[5,35],[-39,22],[-33,-81],[-28,37],[-54,12],[-39,52],[-32,-27],[-38,4],[-60,90],[-41,-2],[-30,-22],[-49,31],[-43,9],[-34,-76],[37,-20],[72,2],[63,-32],[35,-49],[6,-36],[67,-36],[43,-2],[5,-32],[25,-20],[-5,-62],[-30,-27],[-2,-62],[-72,-94],[-15,53],[-39,24],[-74,-109],[-37,20],[6,53],[-27,15],[-26,-30],[-17,72],[26,73],[-78,-54],[-32,0],[-13,28],[-77,-27],[-52,-29],[-50,8],[-40,-41],[70,-16],[23,-28],[96,29],[43,-33],[34,-53],[-7,-29],[-33,-27],[-49,-16],[-55,-42],[-97,3],[-51,18],[-7,-51],[45,-6],[10,-23],[-4,-70],[55,50],[60,26],[-12,-37],[60,-13],[13,30],[68,16],[33,-52],[45,-1],[12,-37],[-50,-58],[-47,-14],[-76,8],[-41,-32],[-38,-5],[-1,-26],[-33,-14],[-38,24],[-57,-50],[-14,-45],[24,-49],[-43,-86],[-31,-1],[-50,-28],[-43,48],[26,35],[0,38],[-41,24],[32,35],[-15,27],[-62,-37],[-4,42],[52,45],[-23,53],[47,56],[53,78],[0,79],[-37,-44],[-24,-11],[-65,-82],[-31,-68],[-26,-33],[-19,10],[-19,54],[-36,-25],[26,-53],[9,-41],[-16,-56],[-89,66],[-33,-16],[-71,0],[1,-30],[-38,-39],[46,-9],[28,14],[50,-8],[17,-40],[-36,-42],[77,-48],[-16,-72],[-47,-34],[-12,-51],[-66,-7],[-42,23],[14,-58],[-47,-64],[-38,-20],[-10,-31],[63,22],[44,-5],[-27,-52],[-37,-11],[-56,-38],[-15,39],[-39,-23],[-8,-45],[-61,-70],[-9,-51],[-82,-58],[-46,0],[-22,47],[-22,0],[-34,-29],[-51,-20],[-14,18],[17,81],[27,34],[1,32],[43,86],[64,26],[31,87],[42,42],[46,25],[33,4],[32,41],[4,50],[-22,25],[-61,-45],[-66,4],[14,75],[-7,14],[59,136],[-10,16],[59,65],[25,6],[56,54],[23,45],[-5,57],[-24,3],[-18,-70],[-23,-18],[-45,-8],[-26,-49],[-78,-77],[-50,-108],[-28,-35],[-38,-81],[-47,-3],[-52,-115],[-53,-25],[-24,-52],[5,-30],[-52,-49],[-32,-6],[1,84],[-8,55],[-23,43],[-40,29],[-43,59],[-72,41],[-67,28],[10,77],[2,116],[-11,189],[-7,62],[-41,93],[-28,81],[-34,35],[-59,9],[-21,26],[-39,-19],[-27,35],[9,55],[-9,30],[-31,12],[-21,33]],[[26422,10863],[83,58],[29,44],[22,82],[42,31],[39,-14],[3,-29],[-29,-101],[24,-93],[2,-52],[-27,-66],[-30,-14],[-36,38],[-92,4],[-10,40],[12,28],[-32,44]],[[25295,11369],[29,-1],[12,52],[43,67],[40,-39],[7,-53],[-50,-20],[-4,-43],[-64,8],[-13,29]],[[25232,11678],[-1,70],[28,26],[35,-40],[-16,-41],[1,-52],[-46,10],[-1,27]],[[49456,19184],[0,62],[15,38],[5,84],[11,40],[-35,14],[-16,-84],[2,-35],[-15,-93]],[[49044,20086],[275,164],[135,-142],[121,-93],[21,-5],[16,-79],[70,-88],[45,-6],[101,-140],[1,-210],[-56,-54],[-27,-58],[126,-95],[-46,-96]],[[405045,1796],[64,5],[49,75],[45,19],[46,-5],[125,-123],[5,-20],[-22,-37],[-8,-54],[-19,-38],[-97,-80],[-39,-5],[-105,59],[-42,58],[-10,38],[8,108]],[[404077,980],[22,48],[34,3],[17,-35],[54,-27],[75,5],[112,-47],[17,-22],[2,-46],[93,-80],[84,-127],[75,-69],[54,-15],[30,-57],[14,-60],[38,-18],[138,-3],[86,-67],[-14,-26],[-57,-14],[-37,30],[-119,-34],[-46,45],[-3,25],[-136,126],[-42,34],[-53,100],[-70,106],[-122,86],[-66,-16],[-89,50],[-82,73],[-9,32]],[[403875,1785],[36,22],[83,-32],[45,-51],[-2,-17],[-57,-99],[-42,-9],[-20,24],[-19,52],[-24,110]],[[403638,1430],[77,-15],[34,-35],[42,-77],[-61,-5],[-15,13],[-67,93],[-10,26]],[[403477,1915],[28,43],[25,-1],[44,-42],[12,-71],[-19,-28],[-47,-11],[-30,27],[-13,83]],[[402471,1592],[78,55],[21,-1],[57,84],[4,19],[77,39],[79,12],[16,20],[9,55],[0,53],[45,147],[20,49],[45,36],[66,-58],[16,-48],[-18,-54],[-31,-11],[-35,-114],[-71,-89],[6,-53],[77,-13],[-6,-61],[-52,-20],[-171,34],[-40,-26],[-28,-36],[-25,-73],[8,-69],[-25,-44],[-21,47],[-65,65],[-36,17],[0,38]],[[400970,2712],[36,11],[50,-17],[18,-20],[-26,-55],[-37,-4],[-43,62],[2,23]],[[398927,3562],[35,30],[55,-35],[14,-54],[-55,6],[-42,23],[-7,30]],[[398801,3610],[56,-16],[20,-33],[-19,-25],[-36,23],[-21,51]],[[398703,3666],[34,-7],[38,-32],[-41,-18],[-31,57]],[[398125,2794],[27,62],[75,55],[34,-31],[28,-3],[33,22],[29,69],[36,-6],[41,71],[64,14],[100,-2],[-16,-37],[-53,-45],[-19,-74],[24,-59],[15,-152],[-84,0],[-50,51],[-21,54],[-32,0],[-54,-38],[-53,-1],[-79,43],[-45,7]],[[397115,4026],[189,175],[16,8],[117,14],[407,-41],[60,-46],[14,-32],[44,-49],[45,11],[50,-41],[142,-192],[-9,-42],[-125,-11],[-21,11],[-62,67],[-27,-17],[-19,-41],[-24,-86],[-55,-26],[-135,30],[-108,-83],[-106,65],[-52,81],[4,92],[-14,35],[-129,113],[-62,-9],[-82,-38],[-49,14],[-9,38]],[[14498,6059],[11,25],[68,25],[22,-49],[15,52],[-4,44],[59,36],[57,5],[25,-9],[-56,-55],[-5,-39],[9,-82],[-73,0],[43,-51],[-30,-41],[-41,5],[-9,-52],[-22,14],[-17,48],[-30,6],[-11,32],[-1,66],[-10,20]],[[12756,4932],[50,32],[61,55],[1,19],[65,73],[45,7],[36,-16],[34,8],[25,42],[33,-34],[50,10],[-15,43],[27,16],[29,64],[51,-30],[18,-47],[18,6],[-7,49],[44,-34],[20,85],[42,-56],[-2,82],[14,22],[97,-39],[12,24],[39,-11],[-4,98],[-29,36],[77,-19],[53,-22],[18,23],[-42,21],[-5,33],[-47,27],[-9,76],[-21,43],[17,50],[48,28],[44,-42],[33,-7],[-2,46],[40,-27],[-3,48],[-67,51],[-4,48],[39,57],[38,17],[120,3],[3,-34],[25,-31],[13,-39],[3,-68],[26,30],[26,-28],[16,32],[-18,53],[-17,15],[19,50],[24,-28],[22,61],[36,-17],[29,30],[-67,20],[-27,-1],[-69,21],[-30,31],[-48,5],[-43,41],[-51,-51],[-73,75],[-23,77],[-66,21],[-4,71],[34,10],[24,38],[16,74],[17,33],[45,21],[10,43],[22,20],[34,-7],[52,31],[51,44],[21,-22],[36,1],[18,30],[42,13],[41,38],[22,-36],[27,0],[38,41],[49,-25],[25,-49],[0,-71],[-25,-10],[-25,-67],[31,-72],[-20,-35],[23,-21],[35,6],[-8,-48],[17,-6],[34,27],[-18,43],[20,24],[-4,50],[22,33],[32,-21],[-39,-39],[32,-28],[44,42],[24,-3],[13,52],[-6,65],[29,-16],[7,94],[31,25],[31,-6],[-27,-107],[47,-3],[61,83],[23,-23],[16,-73],[-8,-42],[47,-31],[-31,-27],[4,-38],[-53,-32],[-52,8],[-64,-71],[-12,-32],[-34,1],[16,-51],[-67,-45],[-52,3],[23,-70],[-86,-38],[30,-38],[-5,-44],[29,-38],[6,62],[20,21],[31,-14],[23,64],[50,33],[39,-64],[7,87],[40,30],[19,-51],[13,-69],[26,-6],[25,-67],[-24,-11],[-3,-37],[-42,-13],[-46,-27],[-27,18],[-13,-33],[-31,-6],[-25,-53],[-29,24],[-29,-34],[-37,16],[-21,-32],[-25,-160],[-24,16],[-32,-19],[-7,49],[-30,38],[-10,-31],[23,-41],[12,-87],[-31,-1],[16,-42],[-11,-48],[-22,2],[-22,42],[-16,-16],[-31,23],[-42,108],[-25,-18],[32,-85],[-9,-33],[36,-24],[3,-51],[-26,-50],[-34,30],[-22,-2],[-6,-37],[-45,54],[-15,-75],[-62,27],[8,48],[-38,5],[-11,-79],[-37,-5],[18,47],[-38,9],[-40,-9],[-10,-49],[-29,-14],[-61,8],[-31,-50],[-42,-21],[-18,-30],[-86,-30],[-12,-84],[-73,3],[-13,20],[-29,-32],[-50,-23],[2,-26],[-27,-54],[-23,-21],[-10,-45],[-37,47],[-25,-9],[-48,27],[-14,-21],[-13,-60],[-35,-17],[-15,35],[-38,20],[-99,20],[-9,37],[-33,11],[-27,33]],[[11329,3777],[10,21],[46,14],[18,43],[-19,26],[88,15],[25,17],[16,47],[-22,34],[15,54],[49,-17],[69,57],[-20,121],[81,57],[33,83],[5,61],[-41,35],[12,114],[28,35],[-1,24],[44,58],[20,5],[26,57],[31,0],[48,70],[6,34],[30,-4],[15,-26],[43,-23],[27,7],[67,48],[17,-46],[62,20],[19,-24],[24,25],[3,76],[-28,-6],[-5,58],[-67,17],[19,35],[32,102],[-21,35],[-4,59],[17,17],[55,99],[64,47],[56,68],[3,18],[103,37],[64,38],[28,-15],[32,6],[30,26],[32,-10],[20,-26],[6,-43],[56,-26],[50,-6],[80,4],[8,-50],[-22,-57],[-57,-67],[0,-51],[16,-34],[-1,-61],[-64,-48],[-12,-25],[-80,-45],[-26,-37],[-64,-47],[-60,-28],[-8,-30],[-86,-35],[-85,-46],[-27,-42],[-43,-47],[13,-23],[-49,-59],[-8,-60],[11,-22],[-36,-24],[-27,-40],[-37,-75],[-10,-50],[-62,-19],[-10,-21],[-74,-23],[-54,-96],[-26,-26],[-67,-32],[-7,-43],[-49,29],[-19,-17],[4,-47],[28,-24],[1,-28],[-34,-7],[-22,46],[-32,-25],[-26,0],[-18,-30],[-96,-80],[-30,-16],[-48,4],[-26,-39],[-2,-33],[-43,-1],[-30,-21]],[[11167,3638],[59,60],[10,-29],[-69,-31]],[[10598,4155],[18,47],[-2,45],[27,3],[19,24],[30,8],[15,-27],[0,-43],[-17,-34],[-16,-82],[-29,-26],[-24,15],[-21,70]],[[10571,12732],[33,2],[117,-27],[47,5],[30,-10],[99,10],[37,-28],[-37,-56],[-41,-15],[-26,-58],[-21,-18],[-67,15],[-37,34],[-8,55],[-45,23],[-36,3],[-45,65]],[[10557,4332],[37,60],[30,-50],[-9,-35],[-58,25]],[[10318,3800],[26,60],[46,11],[66,-28],[25,10],[-4,49],[20,16],[35,-7],[85,28],[48,-16],[34,-33],[1,-57],[-19,-33],[18,-26],[-44,-49],[14,-50],[-42,-10],[-13,51],[-37,33],[-22,-8],[-64,49],[-74,-91],[-30,-4],[-55,53],[-14,52]],[[10193,3960],[27,18],[11,37],[37,1],[46,-18],[21,-28],[-10,-67],[-48,-36],[-48,23],[-36,70]],[[10123,3547],[4,65],[17,52],[-7,20],[66,14],[17,-27],[52,-19],[-5,-64],[-24,-50],[-52,-9],[-68,18]],[[9855,14025],[5,71],[32,36],[27,-10],[70,38],[20,-18],[60,-1],[112,36],[-30,-78],[0,-42],[-17,-30],[-44,-37],[-47,-15],[-2,-25],[-35,-20],[0,53],[-16,22],[-38,-5],[-97,25]],[[9379,3162],[25,119],[1,55],[50,13],[25,20],[11,55],[19,23],[38,-6],[32,50],[74,-24],[41,-38],[-2,-78],[-15,-16],[-35,-78],[-58,-13],[-27,13],[-59,-41],[-9,-29],[-57,-68],[-28,35],[-26,8]],[[9000,3164],[44,57],[22,-11],[-2,-56],[-64,10]],[[8845,2976],[5,40],[19,37],[49,35],[62,-85],[-19,-53],[-33,-45],[-32,-2],[-41,15],[-10,58]],[[7358,2476],[14,70],[25,27],[29,87],[91,52],[17,32],[46,17],[32,-1],[1,-32],[32,-25],[59,-3],[23,-27],[3,-48],[-15,-40],[-28,-13],[-58,-45],[-21,-39],[-38,17],[-35,-41],[-45,-5],[-23,-40],[-19,21],[-75,1],[-15,35]],[[5752,2145],[88,-11],[35,2],[66,28],[-14,-64],[74,10],[18,-24],[31,15],[21,46],[70,5],[129,44],[39,-26],[35,42],[16,-39],[-32,-52],[29,-8],[26,-32],[20,34],[26,-32],[74,-1],[39,-14],[60,9],[31,17],[46,-34],[52,35],[37,-16],[18,-34],[32,32],[42,-13],[50,6],[34,-29],[-27,-25],[-86,4],[-59,-42],[-57,-3],[-18,16],[-27,-19],[-39,3],[-24,-14],[-55,-2],[-33,-30],[-116,14],[-17,-25],[-49,-8],[-14,-15],[-27,47],[-29,22],[-22,-15],[-45,26],[-18,-17],[-31,18],[-55,-25],[-38,8],[-60,-27],[-45,32],[-68,3],[-13,45],[-42,77],[-35,-14],[-43,70]],[[4297,1892],[48,-9],[49,53],[13,-20],[32,-1],[32,49],[67,11],[39,-53],[50,50],[21,51],[28,-1],[19,-43],[72,82],[-1,34],[29,13],[21,-34],[25,4],[23,-25],[30,11],[36,-11],[39,9],[0,54],[30,7],[27,-30],[25,-4],[86,37],[7,49],[31,-21],[58,5],[6,27],[-41,0],[-23,63],[13,12],[47,-19],[30,27],[55,-16],[23,18],[-45,40],[26,31],[42,11],[40,-16],[22,-35],[31,19],[20,46],[29,-1],[8,32],[28,8],[11,28],[-15,54],[-59,0],[-26,24],[-42,-16],[-27,7],[-16,30],[-30,-9],[-33,27],[-14,37],[23,20],[35,-14],[72,-6],[27,50],[-12,81],[17,15],[33,-6],[16,42],[60,13],[14,23],[61,23],[40,-47],[49,-19],[19,-48],[54,-27],[-2,-47],[26,-70],[-7,-51],[-27,-45],[-23,-16],[-2,-51],[-24,-42],[-87,12],[-21,-12],[-35,16],[-21,-41],[21,-44],[34,-6],[9,-53],[71,-74],[8,-44],[-33,-14],[-39,26],[-47,-23],[-38,-34],[-59,-12],[-12,44],[-53,17],[-15,-28],[-32,-4],[-1,-39],[-26,-5],[-1,-65],[-13,-13],[-8,-67],[-22,24],[-27,59],[-34,24],[-62,-30],[6,-36],[-28,-17],[-13,28],[-27,-5],[-30,-42],[-26,-14],[-13,24],[-33,11],[-6,-34],[-22,-38],[-25,-3],[-63,58],[-40,-4],[-76,38],[-35,-29],[-48,9],[-6,-37],[-33,11],[-26,-49],[-66,11],[-30,-11],[-70,7],[-45,-8],[-68,29],[-41,-25],[-38,38]],[[4121,1785],[52,28],[22,-30],[-74,2]],[[4085,2258],[22,15],[22,-27],[-31,-25],[-13,37]],[[3842,1723],[14,54],[91,-32],[-66,-24],[-14,-46],[-25,48]],[[3693,1703],[19,23],[70,14],[21,-80],[-45,-9],[-21,40],[-44,12]],[[3599,1800],[54,25],[87,-11],[-16,-34],[-32,14],[-3,-42],[-60,21],[-30,27]],[[3423,1572],[28,2],[29,34],[86,20],[-8,-52],[52,-12],[-16,-28],[1,-63],[-72,47],[-35,-8],[-7,28],[-58,32]],[[3314,1982],[4,30],[29,29],[45,65],[102,-21],[24,-62],[33,-24],[-11,-43],[35,-53],[-78,-24],[31,-85],[-12,-21],[-37,-14],[-20,8],[-2,41],[-108,30],[3,36],[-24,47],[-14,61]],[[3289,1432],[36,46],[-17,36],[12,42],[40,-3],[15,-33],[28,-25],[-9,-37],[35,-4],[-2,33],[50,2],[45,-21],[2,-43],[-58,-12],[-39,19],[4,-71],[-30,-14],[-41,-44],[-17,34],[21,28],[-55,29],[-20,38]],[[2434,961],[21,14],[-13,50],[17,49],[37,29],[41,17],[21,43],[20,15],[-13,50],[9,31],[-41,37],[-21,45],[10,35],[53,49],[22,-47],[25,-2],[44,32],[-12,25],[39,85],[-1,40],[-39,60],[-13,52],[21,63],[22,21],[56,8],[61,-38],[45,27],[-2,30],[45,58],[37,-20],[4,-52],[-14,-51],[24,-50],[-5,-26],[-35,-8],[-44,-29],[-7,-76],[-16,-37],[46,1],[2,-33],[40,11],[21,-21],[28,7],[25,30],[38,-1],[9,-27],[61,67],[42,9],[24,-20],[38,26],[31,-32],[-11,-55],[-27,-9],[9,-40],[27,20],[14,-29],[4,-70],[-34,-33],[-25,-81],[-33,-21],[-19,19],[-40,4],[-3,124],[-29,-6],[-6,-38],[15,-18],[-9,-56],[-33,-10],[-19,29],[-108,-124],[-44,0],[-38,-17],[-21,7],[-28,-32],[-45,9],[-8,-57],[16,-15],[-8,-59],[-37,33],[-56,-68],[-15,36],[10,53],[-27,80],[15,34],[-6,58],[-42,-86],[-2,-42],[-22,-18],[-20,-46],[-15,-68],[-26,-44],[-49,30],[-8,60]],[[1897,1609],[28,41],[25,-45],[-37,-29],[-16,33]],[[1628,1145],[35,23],[39,45],[95,-35],[45,9],[4,41],[33,-7],[41,45],[39,-10],[20,21],[120,44],[52,35],[38,49],[7,58],[5,211],[19,28],[56,-6],[48,-25],[39,-50],[6,-33],[-29,-25],[8,-59],[-59,-46],[-14,-21],[-4,-60],[23,-50],[-14,-57],[6,-73],[-27,-56],[-33,7],[-33,-13],[-55,14],[11,-47],[-38,-25],[-24,15],[-20,38],[-54,76],[-13,-11],[-78,-7],[-69,-64],[-115,16],[-38,-42],[6,-66],[-40,-2],[-4,66],[-19,4],[-15,45]],[[1039,1547],[36,72],[77,25],[84,-15],[85,12],[28,-6],[0,-29],[54,-61],[-22,-45],[28,-28],[43,-2],[0,-37],[40,1],[45,33],[30,-37],[28,-5],[48,43],[66,12],[13,-39],[-64,-44],[-39,4],[-82,-51],[-36,-11],[21,-39],[-46,-97],[12,-46],[0,-44],[-42,-39],[-20,16],[-39,-28],[-10,-59],[15,-35],[16,-73],[-39,-11],[-28,65],[-6,54],[-78,12],[-10,45],[-47,-27],[-41,40],[16,33],[-5,43],[35,-15],[39,2],[97,42],[10,32],[-10,89],[-38,16],[-25,26],[-25,-24],[-24,0],[-12,34],[-25,17],[-9,39],[-52,29],[-36,38],[-37,18],[-19,55]],[[520,898],[49,29],[42,-28],[26,10],[17,-21],[-29,-39],[-42,20],[-46,-2],[-17,31]],[[322,835],[43,-6],[43,-32],[50,-9],[8,-31],[-97,-6],[-15,51],[-32,33]],[[312,1329],[12,80],[27,36],[46,0],[54,-59],[15,-65],[-41,-81],[-48,-3],[-65,92]],[[177,379],[15,37],[62,-48],[15,-85],[-59,11],[7,-33],[-41,-50],[1,71],[20,55],[-20,42]],[[0,129],[38,56],[21,0],[23,-44],[0,-56],[-27,-76],[-24,-9],[-24,21],[4,76],[-11,32]],[[43081,40795],[0,-724],[0,-620],[0,-911],[0,-2430],[0,-1293],[0,-301]],[[43081,34516],[-30,-3],[-92,-39],[-18,-50],[-109,-80],[-128,-129],[-17,-110],[-59,-79],[16,-43],[-34,-14],[-42,-46],[-48,13],[-16,-61],[-37,15],[-18,-58],[-74,-15],[5,-51],[-51,-13],[-28,13],[-65,-48],[-43,0],[-5,-65],[-67,-44],[-4,-22],[-122,1],[-25,-14],[-45,14],[-19,26],[-64,7],[-23,27],[-66,-28],[-37,2],[-25,-24],[-83,-23],[-87,-71],[-33,-2],[-33,-59],[-51,-31],[-45,3],[-84,42],[-70,-45],[-27,-85],[-84,-47],[41,-68],[-11,-61],[4,-65],[-37,-24],[-11,-65],[-39,-37],[-63,-94],[-41,18],[-39,-5],[-29,-25],[-82,-5],[-54,-29],[-37,-34],[-51,-71],[-36,23],[-47,-46],[-16,-38],[-142,-75],[9,-52],[-49,-42],[-69,7],[-38,-95],[32,-59],[-33,-139],[6,-32],[74,-53],[-114,-102],[46,-31],[-116,-85],[-48,-89],[-10,-53],[-52,-33],[-67,-19],[-142,38],[-163,28],[-52,19]],[[35125,30985],[-818,0],[-408,0],[0,34],[-604,0],[-1084,0],[-116,0],[-624,-852],[-142,-1],[-28,25],[-95,30],[31,57],[-85,25],[0,34],[-259,0],[-74,-120],[33,-51],[-255,0],[1,-409],[-197,0],[1,-409],[-728,0],[0,-409],[70,0],[0,-307],[216,0],[0,-102],[217,0],[0,-286],[-511,-854],[-135,-226]],[[22367,8685],[42,21],[9,29],[-18,25],[37,42],[16,-54],[29,-11],[38,14],[9,-41],[-39,-78],[-46,-33],[-40,11],[-16,56],[-21,19]],[[22211,8968],[29,33],[17,60],[32,-13],[43,21],[29,-11],[-9,-47],[-23,-34],[36,-54],[18,-56],[-42,-12],[-23,-42],[-46,-30],[-29,70],[19,28],[42,-15],[-1,44],[-25,19],[2,83],[-45,-54],[-24,10]],[[22071,8483],[11,22],[32,-3],[29,-51],[33,-33],[-10,-68],[-57,-9],[-38,142]],[[22012,9213],[11,26],[37,-19],[26,-41],[28,157],[-23,85],[16,14],[29,-24],[30,84],[17,-18],[-11,-69],[-29,-33],[6,-40],[37,2],[12,-46],[-34,-9],[32,-38],[-40,-73],[-3,-53],[51,-70],[-28,-28],[-26,29],[-18,60],[-30,3],[8,-84],[-46,16],[-45,-12],[-2,44],[20,45],[34,-3],[8,27],[-35,20],[-7,32],[-25,16]],[[21901,9143],[31,78],[24,-22],[-7,-53],[-17,-17],[-31,14]],[[21825,8487],[57,14],[37,47],[52,-19],[-58,-37],[-29,-59],[-33,2],[-26,52]],[[21819,9093],[26,47],[42,-19],[4,-35],[-44,-22],[-28,29]],[[21786,9024],[34,-12],[18,-53],[-22,-13],[-30,78]],[[21497,9708],[29,22],[28,0],[40,-45],[-13,-40],[-74,16],[-10,47]],[[21334,8693],[12,60],[21,24],[39,-19],[23,39],[-18,42],[31,22],[30,87],[35,26],[27,42],[-19,28],[-42,-19],[-42,18],[-2,37],[66,27],[-12,22],[-70,33],[9,46],[26,-2],[51,-41],[30,-6],[-48,109],[23,32],[35,-33],[26,-57],[56,-36],[5,63],[-23,23],[-35,98],[26,44],[25,-16],[39,-49],[20,-1],[-14,86],[27,-13],[23,14],[-18,69],[39,55],[14,54],[16,3],[30,-52],[9,-53],[-13,-36],[-53,-2],[-8,-14],[15,-60],[-13,-127],[50,16],[0,58],[36,6],[18,-42],[-16,-76],[-37,3],[15,-47],[-23,-34],[-37,29],[-40,53],[-15,-10],[-1,-59],[15,-64],[-82,-23],[22,-36],[-70,-101],[-63,-43],[-19,-49],[4,-42],[-36,-11],[-38,-29],[6,-67],[-58,-67],[-4,35],[-25,33]],[[21233,9925],[27,45],[70,45],[67,-58],[53,21],[-2,-76],[16,-33],[-13,-57],[-56,33],[-32,49],[-40,0],[-17,-42],[-44,-2],[-29,75]],[[21028,9676],[36,31],[-7,37],[40,20],[8,-24],[44,-21],[61,47],[39,3],[28,-133],[-26,-102],[-12,-12],[-44,18],[-10,59],[-44,0],[-15,26],[-35,-21],[-50,47],[-13,25]],[[20647,9679],[30,13],[-1,34],[44,93],[52,27],[29,36],[27,-18],[48,-6],[16,-23],[-3,-100],[-50,-53],[14,-41],[19,-8],[48,51],[32,22],[-24,39],[58,98],[51,-31],[3,-48],[-19,-33],[-36,-29],[-15,-60],[12,-71],[45,-42],[-6,-43],[27,-26],[24,-81],[-22,-29],[15,-38],[-33,-80],[-14,60],[-35,-4],[-22,-22],[-29,3],[-21,41],[-48,15],[-10,53],[-28,12],[-55,-10],[-32,-82],[-11,-63],[-27,128],[-35,71],[17,55],[-2,37],[-25,34],[25,66],[-33,53]],[[20568,11039],[24,23],[52,5],[41,59],[23,-41],[-134,-50],[-6,4]],[[19994,9395],[20,37],[30,18],[28,-21],[27,17],[6,-44],[19,-35],[1,-36],[-18,-36],[-78,52],[-35,48]],[[19805,9090],[42,70],[29,-44],[-2,-37],[-37,-21],[-32,32]],[[19710,9415],[13,54],[31,28],[55,-9],[25,21],[57,23],[8,-19],[-23,-34],[-16,-75],[-28,18],[-47,-43],[-75,36]],[[19477,9259],[14,40],[29,9],[12,26],[30,15],[40,-28],[31,-2],[52,-65],[90,-40],[4,-45],[-46,-25],[-34,-31],[-10,-37],[-48,-23],[-40,47],[1,58],[31,30],[10,38],[-9,45],[-20,31],[-32,-122],[-65,43],[-23,-3],[-17,39]],[[19451,9181],[71,-22],[-23,-37],[-48,59]],[[19404,9105],[43,-86],[-15,-11],[-23,55],[-5,42]],[[18874,8753],[61,32],[18,54],[47,43],[70,-16],[29,-49],[-3,-71],[7,-89],[-45,-72],[-2,-36],[-47,-34],[-33,21],[-9,36],[-68,60],[-12,55],[1,48],[-14,18]],[[18822,7532],[11,16],[35,-29],[33,-9],[4,-37],[-28,-36],[-33,40],[-22,55]],[[18394,7561],[29,38],[1,90],[39,31],[149,-76],[42,-35],[29,-7],[49,-32],[3,-43],[-14,-49],[-53,12],[-60,2],[-29,-15],[-40,29],[-60,-42],[-62,78],[-23,19]],[[18040,9904],[5,32],[32,14],[28,-31],[-1,-48],[-24,-16],[-40,49]],[[22875,13360],[-1,-18],[-60,-46],[-3,-26],[25,-45],[38,-37]],[[22874,13188],[0,-125],[-178,0],[0,-205],[-253,0],[0,-204],[-353,0],[0,-205],[-352,0],[0,-410],[105,0],[0,-819],[-69,0],[0,-205],[346,0],[1,-586]],[[22121,10429],[-20,10],[-23,-36],[-27,-91],[-74,-39],[-48,-5],[29,89],[53,23],[50,39],[-7,27],[-63,28],[5,73],[50,41],[-29,18],[-30,61],[60,150],[4,29],[-22,30],[-94,53],[-66,1],[-42,12],[-43,-28],[17,-31],[-2,-62],[-17,-40],[-44,-5],[-68,81],[-15,-18],[13,-39],[-73,-11],[-27,-73],[33,-31],[9,-28],[-19,-41],[-65,23],[8,-46],[-39,4],[-30,-14],[16,-93],[-97,-23],[-26,27],[-49,-66],[-82,20],[-70,42],[-21,-58],[51,-28],[35,-37],[-34,-16],[-35,-62],[-31,-12],[2,-54],[-25,-57],[9,-33],[-15,-47],[-37,-41],[-37,8],[-22,104],[-31,62],[4,34],[-20,29],[9,39],[-21,31],[-16,-45],[12,-19],[-42,-71],[-22,-10],[-55,32],[-46,-16],[-12,-53],[60,-7],[60,-17],[14,-35],[0,-50],[-15,-43],[-28,-16],[-124,-4],[-45,37],[-4,52],[17,26],[-32,44],[-51,5],[-53,-43],[-15,-50],[-30,-49],[-13,-60],[-60,-41],[-80,-66],[-70,-27],[-66,-65],[-54,-2],[-29,11],[-4,43],[-45,13],[-52,-21],[-55,-40],[-57,7],[-13,65],[22,21],[26,148],[-7,73],[63,86],[33,86],[22,20],[15,45],[-2,59],[-28,26],[-75,16],[-99,-12],[-56,-24],[-25,-26],[-42,-115],[-54,-90],[13,-35],[-14,-186],[13,-54],[-67,-118],[-14,-15],[-73,-130],[-41,-52],[-14,-43],[-6,-68],[-60,-27],[-52,55],[-57,2],[-11,-36],[26,-12],[17,-86],[-18,-22],[60,-29],[0,-50],[19,-27],[-15,-46],[-32,-25],[-37,-10],[-34,-46],[-34,41],[-65,56],[33,28],[-3,55],[-41,19],[-33,-7],[-8,-32],[-42,-53],[-8,-31],[26,-43],[15,-67],[-32,-68],[-35,-24],[-30,8],[-28,39],[-11,47],[-36,-49],[-41,9],[-39,-14],[-40,24],[-50,51],[-29,114],[59,22],[29,-16],[8,-28],[46,-20],[48,14],[-27,33],[-27,-5],[-55,86],[-38,18],[-20,62],[-15,153],[-85,50],[32,36],[-10,32],[-106,-6],[-52,-107],[-17,-62],[6,-37],[30,-37],[50,5],[35,-63],[7,-38],[26,-31],[-14,-40],[-30,-23],[2,-34],[26,-31],[5,-74],[33,-86],[-2,-105],[-25,3],[-32,36],[-69,15],[-41,-36],[16,-32],[-18,-39],[-67,-41],[-26,17],[-36,-32],[-53,12],[-38,43],[-6,45],[-39,33],[-13,38],[23,57],[-38,53],[-32,77],[-68,63],[-43,-1],[-42,-29],[-47,8],[-40,-134],[4,-30],[53,-39],[24,5],[111,-102],[21,-63],[-35,-43],[-41,-23],[-50,-49],[-37,-59],[-25,-3],[-24,-65],[-31,-20],[-60,-9],[-20,-50],[-45,7],[-34,110],[72,42],[8,77],[-33,43],[11,67],[31,-19],[68,-18],[13,20],[-62,44],[-6,20],[19,92],[-4,90],[-37,72],[-7,47],[137,140],[63,35],[72,13],[13,-27],[41,-4],[46,24],[41,-31],[27,27],[47,14],[22,-8],[16,89],[16,13],[-7,45],[-41,-9],[-28,27],[66,74],[32,11],[30,61],[36,9],[34,-17],[44,59],[19,46],[45,38],[43,-15],[31,-33],[44,25],[45,73],[-26,96],[16,77],[-42,-4],[-17,-23],[-39,3],[86,103],[47,78],[101,143],[88,146],[42,80],[62,66],[76,47],[109,136],[63,16],[68,51],[64,69],[77,102],[133,43],[77,34],[52,33],[222,68],[101,40],[130,63],[4,-12],[-115,-50],[-6,-61],[60,-14],[43,20],[55,-19],[46,-1],[25,-22],[34,1],[28,43],[62,19],[23,40],[28,-5],[52,35],[17,-44],[-5,-61],[21,-33],[-21,-23],[-30,51],[-62,-15],[-35,-24],[-40,-51],[-11,-43],[20,-52],[54,-20],[4,-97],[17,-32],[41,-18],[60,-98],[56,-80],[25,52],[53,-12],[28,-23],[4,-44],[20,-50],[17,3],[21,99],[-49,37],[-24,46],[-52,28],[11,44],[-16,117],[-31,52],[42,11],[67,-44],[52,-12],[102,6],[32,23],[43,-13],[37,-77],[-14,-28],[3,-58],[25,-24],[19,41],[39,12],[19,-59],[29,-16],[37,12],[26,-25],[54,-6],[-45,68],[-3,65],[82,25],[-37,55],[-42,-11],[-112,91],[-31,43],[-65,21],[-45,69],[-28,-5],[18,74],[-31,34],[-35,-12],[94,182],[56,143],[2,38],[46,150],[28,105],[37,83],[39,44],[47,36],[52,58],[36,72],[53,57],[43,27],[57,22],[133,132],[70,83],[36,53],[39,40],[162,89],[139,85],[78,62],[102,101],[36,6],[64,50],[23,4],[61,44],[47,43],[171,131],[101,118],[57,52]],[[16041,7922],[18,50],[50,18],[32,35],[57,39],[42,4],[61,43],[44,90],[37,92],[30,105],[29,54],[37,115],[6,89],[33,23],[31,42],[41,12],[31,25],[40,-19],[65,-65],[78,27],[78,57],[42,56],[36,29],[58,-19],[48,20],[90,72],[70,89],[51,-4],[82,41],[38,-17],[92,-10],[112,13],[26,11],[-1,-58],[10,-23],[50,-45],[52,-68],[17,-40],[37,-133],[-13,-21],[3,-101],[34,-62],[3,-74],[50,-81],[34,-3],[74,11],[54,46],[40,-24],[51,-81],[4,-90],[37,-13],[24,-33],[-17,-26],[-29,2],[-70,30],[41,43],[-96,15],[-32,-16],[-74,21],[-37,45],[-11,65],[-40,5],[-31,-16],[-34,-55],[19,-66],[-11,-80],[-96,-12],[-20,-48],[-60,-11],[-15,-37],[-114,38],[-139,19],[-46,-9],[-118,-1],[-152,-26],[-130,-61],[-50,-36],[-80,-85],[-25,-53],[20,-39],[-8,-51],[-47,-74],[-85,-74],[-72,-14],[-97,-28],[-54,-32],[-65,27],[-37,-15],[-61,19],[-59,41],[-11,45],[-18,10],[-8,50],[-39,44],[15,29],[-9,36],[-28,28],[-6,86],[-9,43]],[[15730,6797],[28,36],[46,-7],[15,41],[39,-19],[33,15],[39,-31],[22,19],[55,-14],[9,34],[39,10],[15,-58],[-18,-25],[-24,-67],[-33,11],[-61,-28],[-47,7],[-60,40],[-26,-14],[-66,24],[-5,26]],[[15434,6733],[56,17],[38,-1],[38,23],[47,-5],[42,13],[28,-6],[31,-65],[-51,-1],[-10,-59],[-32,21],[-21,53],[-95,10],[-18,-10],[-53,10]],[[15328,6657],[16,3],[40,51],[42,-66],[-76,-30],[-22,42]],[[15203,7137],[12,53],[46,23],[5,51],[27,-10],[35,-33],[33,34],[38,11],[44,-15],[-7,-27],[-33,4],[-10,-41],[-43,-23],[0,-42],[65,-68],[32,7],[45,-17],[26,17],[26,-37],[-18,-52],[-18,11],[-72,0],[-12,-46],[-74,-38],[21,-36],[-14,-37],[-29,-10],[-41,17],[-12,68],[27,46],[-43,79],[61,65],[-36,46],[-31,-38],[-31,1],[-19,37]],[[14722,6849],[14,11],[1,52],[26,12],[-8,53],[36,30],[30,3],[27,51],[23,21],[84,-21],[39,2],[9,-31],[-17,-49],[21,-32],[31,-11],[23,38],[73,-40],[11,-37],[-62,-46],[63,-30],[84,37],[-19,-87],[-39,-8],[-65,-53],[-19,19],[-69,10],[-3,-54],[-34,-49],[-22,9],[4,48],[-37,18],[-27,-17],[-29,28],[-11,-32],[-67,-30],[-1,69],[-21,35],[-26,17],[-23,64]],[[14624,6527],[33,6],[7,24],[66,-23],[19,-67],[-66,-17],[-53,14],[-6,63]],[[49281,14186],[47,48],[27,-17],[36,12],[27,-8],[-8,-60],[-27,-58],[-34,-24],[-63,78],[-5,29]],[[49223,13297],[7,29],[42,-29],[-8,-29],[-41,29]],[[50235,11879],[0,-206]],[[50235,11673],[-41,52],[19,26],[-20,49],[-34,-16],[-42,11],[-41,53],[-36,102],[2,31],[-63,43],[-7,74],[-48,69],[6,74],[-42,47],[-18,80],[-36,58],[-13,76],[-26,20],[11,47],[-13,54],[30,57],[47,25],[26,-4],[19,29],[-39,45],[-46,7],[-9,-33],[-67,-59],[-55,-2],[15,46],[-26,75],[19,90],[-43,-8],[-5,-37],[-38,-8],[-30,41],[40,39],[13,37],[-25,12],[-35,-31],[-54,-18],[-4,36],[-24,34],[-1,49],[50,31],[-6,23],[-41,33],[-41,-80],[-19,75],[-32,-13],[8,67],[-28,16],[22,72],[17,104],[23,20],[10,94],[-36,45],[6,84],[78,-17],[-24,48],[46,30],[36,-6],[35,51],[-59,-1],[-13,32],[-40,10],[-46,35],[-41,94],[13,48],[24,14],[-7,35],[45,37],[61,3],[-27,33],[-43,-13],[-76,-52],[-15,45],[53,72],[6,75],[32,37],[-80,14],[-37,-10],[-25,16],[-36,-3],[-34,-37],[-26,-6],[-31,84],[14,40],[-74,61],[1,26],[-44,28],[-23,58],[10,24],[65,2],[84,-25],[34,28],[-52,16],[-15,18],[-50,-1],[-7,25],[51,36],[26,48],[3,33],[30,3],[1,85],[-17,45],[53,34],[63,90],[76,2],[64,-46],[15,-46],[21,-21],[-21,-36],[-65,-36],[-56,-49],[28,-13],[33,18],[15,31],[62,23],[53,-4],[27,16],[40,-22],[26,-59],[61,-48],[54,-29],[8,-28],[61,8],[22,26],[78,7],[92,-59],[-11,-27],[43,-119],[-11,-48],[-30,-16],[-24,11],[-46,57],[-55,-35],[-9,-45],[22,-25],[-6,-64],[32,-28],[16,28],[-12,45],[38,1],[43,-99],[-3,-49],[-18,-32],[52,-70],[15,-50],[-16,-45],[20,-25],[52,-238],[-13,-24],[26,-40],[-2,-123],[16,-12],[12,-62],[23,-54],[-9,-49],[2,-99],[33,-40],[22,-159],[26,-65],[1,-77],[13,-60],[-7,-38],[9,-36],[-14,-113],[-2,-97],[-44,-15],[15,-83],[-4,-28],[23,-38],[-7,-118],[13,-59],[-9,-24],[12,-38],[-19,-74],[-55,-53],[67,15],[2,-58],[-46,-57],[9,-63]],[[48871,14176],[49,64],[-14,41],[18,90],[-33,31],[11,40],[72,-8],[19,34],[108,-76],[87,-102],[28,-61],[1,-49],[-29,2],[-36,39],[5,-69],[24,-45],[-4,-77],[49,35],[14,23],[0,50],[19,42],[87,-111],[-50,-57],[-15,-39],[-61,37],[6,-49],[-17,-59],[6,-46],[-37,-53],[-8,-60],[-28,-47],[-53,-18],[-38,-27],[-57,-3],[-96,-22],[10,220],[49,54],[42,12],[4,59],[26,23],[-13,38],[-46,24],[-25,-21],[-29,22],[20,70],[-4,36],[23,34],[-27,20],[-12,-41],[-45,0]],[[48403,15335],[43,28],[25,-56],[-39,-7],[-29,35]],[[48302,15608],[399,10],[140,392],[70,-43],[82,-91],[120,-60],[48,-45],[40,-13],[52,-34],[72,-64],[55,-26],[74,-77],[31,-56],[69,-49],[55,-20],[48,-2],[76,29]],[[49733,15459],[20,-40],[54,6],[28,-25],[47,40],[58,-9],[11,-110],[19,-41],[-33,-65],[38,-27],[43,-114],[11,-61],[-8,-117],[22,-65],[-8,-59],[-29,53],[-33,-23],[31,-43],[-23,-31],[-89,8],[-61,-18],[-36,20],[-34,3],[-44,75],[-35,21],[-40,47],[-24,6],[-39,48],[-26,14],[-87,82],[-22,1],[-51,50],[-72,48],[-41,47],[-59,46],[-94,-111],[48,-31],[32,18],[59,-28],[14,-22],[-61,-35],[-15,-30],[-37,-17],[55,-35],[-16,-62],[36,-99],[-5,-55],[-51,-31],[5,-37],[-31,-16],[-16,-32],[-46,0],[1,-45],[-35,-44],[-48,3],[-35,43],[-33,-6],[-47,22],[-25,60],[-43,58],[-39,38],[-26,4],[-14,56],[-45,29],[-36,38],[3,30],[-50,79],[3,24],[41,24],[-37,41],[-37,-21],[-27,-39],[-27,0],[-70,52],[52,35],[-54,33],[5,27],[-22,31],[-16,74],[38,38],[28,-6],[1,56],[19,40],[-34,17],[-46,60],[-13,-82],[-29,-6],[-32,55],[20,55],[-25,7],[-11,46],[-31,17],[3,33],[-23,29]],[[48247,15606],[45,2]],[[48292,15608],[-10,-31],[-35,29]],[[36307,28939],[0,879],[0,962]],[[43081,34516],[1,-1197],[0,-820],[0,-2312],[0,-2157],[0,-664],[0,-684],[0,-664],[-1,-795]],[[51446,15467],[44,20],[1,51],[-26,72],[12,65],[-3,49]],[[51474,15724],[445,636]],[[51919,16360],[114,-356],[234,-370],[127,-326],[111,-202],[7,-29]],[[49304,17184],[-23,-10],[39,-71],[-26,-32],[49,-103],[-12,-61],[-32,-15],[-69,77],[-20,-3],[-49,43],[-71,-54],[-57,-21],[-44,8],[-63,-24],[-106,-11],[24,85],[-6,20],[6,94],[-49,-38],[-60,44],[-4,30],[78,83],[-27,9],[-18,47],[-5,72],[43,57],[36,-49],[66,51],[-43,14],[-45,67],[-46,159],[-28,3],[-28,38],[4,41],[-27,65],[-9,47],[-49,73],[8,44],[27,22],[45,12],[3,27],[-44,16],[-18,59],[9,97],[-63,73],[1,43],[-46,5],[-5,-41],[11,-42],[28,-20],[8,-35],[-21,-41],[23,-27],[13,-67],[-26,-115],[-21,-28],[3,-51],[-15,-11],[4,-64],[-41,13],[-27,-12],[-40,6],[-32,44],[-50,19],[-86,93],[-43,20],[-35,1],[-24,25],[-24,58],[4,35],[-28,106],[1,60],[-45,24],[-2,-76],[-32,-25],[-17,51],[-24,24],[-25,69],[-45,63],[-14,-3],[62,-141],[30,-53],[1,-71],[-61,20],[-10,26],[-72,55],[-136,73],[-30,55],[-52,37],[-29,61],[-39,34],[-28,54],[-42,-35],[26,-66],[37,-8],[12,-50],[37,-49],[27,-13],[35,-73],[-18,-54],[-36,18],[-64,-3],[-29,-21],[-36,-95],[-45,-39],[-20,-45],[40,-14],[93,160],[30,3],[57,-24],[19,18],[35,-33],[63,-16],[37,-68],[6,62],[61,0],[51,-47],[34,-7],[8,-28],[56,10],[51,-29],[69,-82],[-3,-52],[-47,21],[-38,-56],[57,-48],[28,35],[32,-51],[36,4],[66,-46],[46,-70],[-53,-81],[-47,-25],[-75,-92],[1,-30],[44,0],[1,36],[50,37],[40,1],[38,57],[28,-16],[-4,61],[55,-22],[27,-50],[56,-48],[12,-31],[-24,-18],[40,-73],[31,1],[20,-78],[44,-44],[-3,-84],[33,-22],[-16,-50],[18,-15],[17,-62],[-2,-48],[22,-26],[-44,-38],[-26,-46],[-28,-11],[-39,8],[-67,-42],[-71,-30],[-25,25],[3,41],[28,56],[-48,38],[-14,-32],[-43,4],[-12,-32],[24,-64],[-36,-77],[-19,34],[-36,9],[-49,-30],[-90,36],[-18,64],[-61,-10],[29,-98],[23,-4],[24,-84],[-2,-42],[-25,-21],[-4,-42],[-31,-19],[-74,2],[-43,81],[-5,64],[48,40],[-26,16],[-25,-19],[-69,9],[-10,94],[-25,-54],[-33,26],[13,103],[-32,-14],[-20,-36],[-30,15],[24,80],[-34,35],[-105,30],[-68,-27],[-21,-40],[-77,101],[-88,69],[-44,14],[-37,44],[-105,76],[-62,78],[-167,133],[-42,11],[-38,39],[4,61],[-11,37],[-126,147],[-90,78],[-62,63],[-17,58]],[[47007,18146],[89,6],[207,219],[452,322],[42,47],[277,15],[105,223]],[[48302,15608],[-10,0]],[[48247,15606],[-76,93],[26,40],[-15,23],[-77,32],[-23,51],[18,15],[-16,40],[13,76],[-15,112],[18,32],[-10,39],[34,76],[79,3],[21,51],[45,40],[48,29],[35,-33],[35,-8],[-22,86],[-37,59],[2,68],[48,-27],[20,29],[23,-18],[-1,-34],[33,-40],[12,-65],[41,-3],[-3,57],[73,105],[76,-23],[33,10],[24,-34],[0,-30],[46,4],[9,39],[33,28],[48,63],[32,6],[41,43],[10,31],[52,5],[28,-41],[23,-64],[76,-36],[27,15],[27,-47],[103,-56],[37,-38],[-32,-51],[3,-70],[-19,-45],[-51,-45],[-48,-78],[-48,15],[-26,-31],[15,-26],[58,-21],[-8,-83],[44,6],[36,66],[4,41],[31,64],[20,6],[20,56],[52,32],[-10,76],[44,22],[31,-6],[62,-48],[48,-72],[22,17],[111,-26],[69,11],[33,-23],[-6,-41],[132,-36],[27,-21],[23,-56],[20,-91],[-24,-10],[-4,-43],[21,-20],[-3,-54],[-86,-80],[-48,14],[-46,36],[-36,15],[-90,64],[-5,-26],[40,-67],[35,-43],[72,-28],[31,-24],[15,-57],[81,-61],[-62,-66],[-66,-29],[-28,26],[-22,-39]],[[51328,15514],[83,119]],[[51411,15633],[-9,-42],[4,-80],[-49,-10],[-29,13]],[[51129,14282],[3,37],[21,57],[34,14],[37,-41],[-95,-67]],[[50742,15753],[30,-4],[34,-97],[63,-122],[-28,-23],[-65,107],[19,26],[-53,113]],[[50669,15901],[42,-2],[29,-36],[23,-2],[27,-48],[-7,-24],[-61,-10],[-46,80],[-7,42]],[[50120,16207],[53,-68],[29,-59],[28,-6],[50,74],[83,-10],[3,63],[16,35],[31,-12],[44,3],[50,25],[11,24],[269,107]],[[50787,16383],[-1,-41],[15,-37],[-39,-31],[23,-49],[-10,-23],[22,-38],[78,-111],[13,-54],[-13,-24],[75,-116],[50,-62],[-17,-43],[120,-205],[-4,-93],[15,-66],[17,-16],[-20,-39],[0,-77],[44,-75],[49,-55],[11,-105],[-10,-34],[-31,16],[-19,56],[-1,46],[-63,103],[-26,18],[-41,60],[-34,102],[1,28],[-26,37],[8,56],[-30,66],[-69,75],[-25,76],[-24,0],[-26,112],[20,22],[-10,43],[-37,53],[2,20],[-38,61],[-44,13],[-24,23],[-36,7],[83,-111],[-31,-15],[-65,47],[-14,-30],[22,-23],[13,-59],[33,-83],[-2,-62],[-25,-101],[61,62],[19,-20],[21,-65],[64,-129],[6,-31],[56,-120],[47,-55],[17,-50],[-42,-7],[-14,-29],[96,-7],[41,-40],[45,-74],[-12,-94],[20,-77],[47,-70],[38,-107],[-24,9],[-32,48],[-31,-46],[37,-44],[22,-58],[-10,-42],[28,-90],[-20,-36],[-62,-40],[-31,-66],[-20,-5],[-37,47],[-51,18],[-34,-1],[-23,-24],[-17,73],[-39,47],[-14,40],[-30,-18],[40,-46],[4,-46],[34,-52],[-8,-33],[46,-61],[-4,-43],[-29,-29],[-32,-12],[-7,-93],[-63,-75],[-51,19],[-51,-109],[-29,-29],[-72,9],[-18,-36],[40,-48],[-58,-59],[-67,-45],[11,-53],[-44,4],[-37,-12],[-23,36],[-47,17],[-33,147],[-1,68],[39,51],[-45,72],[-9,103],[31,7],[61,-32],[27,37],[-38,12],[-39,46],[-4,27],[31,13],[34,70],[58,23],[-3,27],[-27,23],[-49,12],[12,81],[-12,53],[58,13],[-4,-40],[49,-37],[64,-7],[7,35],[-47,19],[-88,142],[-1,34],[-41,11],[6,26],[-15,46],[-25,144],[-70,129],[-36,150],[4,38],[-29,40],[-7,64],[28,102],[-11,21],[15,87],[-27,131],[-16,32],[-4,91],[-29,78],[16,22],[-9,41],[-23,38],[-25,74],[12,60],[32,35]],[[50188,16544],[-37,-93],[-34,-53],[5,-63],[-10,-96]],[[50112,16239],[-27,13],[-21,87],[-35,53],[-6,29],[-48,42],[-22,72],[43,60],[-46,-10],[-25,62],[-16,92],[8,54],[-23,83],[15,97],[45,-75],[35,-136],[18,2],[18,45],[21,1],[36,-46],[1,-56],[59,-65],[9,-56],[37,-43]],[[49033,16876],[77,35],[51,-12],[92,-84],[-16,-34],[-109,-5],[-44,17],[-51,83]],[[48559,17420],[37,17],[26,-42],[10,-45],[-18,-22],[-55,92]],[[48553,16668],[45,54],[26,-6],[63,43],[2,-110],[-25,4],[-21,-34],[-61,6],[-29,43]],[[48274,16644],[53,-10],[32,-22],[14,34],[40,-23],[-6,-36],[-23,-35],[-54,15],[-56,77]],[[47755,18220],[14,24],[47,-16],[-12,-74],[-49,66]],[[25004,18095],[782,0],[0,-636],[-633,0],[-435,0]],[[24718,17459],[63,63],[39,60],[102,94],[33,10],[-14,44],[1,92],[31,36],[48,86],[4,73],[-30,39],[9,39]],[[55229,11509],[161,63],[114,-271],[-16,-227],[15,-11],[-90,-202],[-46,-38],[-31,-91]],[[51642,12453],[-19,-22],[25,-30],[-55,-52],[-32,-5],[-34,-33],[-148,5],[-13,62],[-10,167],[13,43],[-32,23],[2,38],[40,31],[-28,42],[-26,-49],[-23,-15],[-17,-56],[-51,6],[-14,44],[-46,38],[-3,28],[-40,-5],[-10,-29],[37,-23],[11,-36],[-20,-25],[-16,-89],[-18,-27],[-41,13],[4,-45],[69,-43],[10,-70],[19,-42],[-34,-4],[-21,36],[-26,-11],[35,-110],[-45,-17],[10,-43],[64,-40],[21,-64],[-33,-44],[10,-42],[-28,-25],[-19,55],[-19,7],[-49,104],[-34,-7],[9,-64],[42,-31],[11,-56],[15,-11],[39,-121],[-21,-48],[-24,22],[-40,-16],[25,-96],[-5,-70],[-23,-7],[-2,-97],[-41,-21],[-21,10],[-33,73],[21,73],[2,38],[-11,66],[-28,58],[-2,52],[21,33],[-9,99],[-35,-64],[8,-62],[-26,-24],[1,-123],[-21,-36],[-63,-6],[-18,-22],[95,-38],[-10,-77],[27,-20],[-55,-68],[29,-39],[-10,-71],[-20,-26],[-46,34],[-7,77],[-59,32],[8,49],[21,33],[-55,35],[-2,28],[38,24],[20,34],[-12,19],[-49,1],[9,27],[-1,112],[-23,71],[2,30],[51,24],[16,20],[8,57],[-32,4],[-15,-51],[-29,0],[-21,51],[24,14],[-23,61],[1,30],[36,38],[30,91],[-18,15],[13,37],[-16,26],[8,34],[36,47],[32,-64],[43,-152],[14,50],[-25,73],[38,50],[-31,81],[-40,56],[-17,60],[-45,33],[-54,9],[-21,86],[31,60],[-21,66],[-37,-2],[-13,59],[-29,4],[-1,36],[-34,87],[11,78],[-24,96],[-12,76],[14,55],[31,20],[34,46],[-4,19],[41,36],[31,0],[76,-77],[73,-66],[15,70],[-79,59],[16,16],[-31,36],[-27,-5],[-8,40],[59,-18],[23,-26],[30,14],[30,63],[27,-28],[58,-24],[18,-23],[41,-145],[9,-81],[39,-5],[-2,-40],[34,-32],[18,-101],[-23,-34],[48,-73],[25,41],[-1,46],[11,97],[-28,51],[23,17],[23,-17],[43,-5],[-1,-29],[65,-9],[32,37],[6,27],[-38,27],[-32,-8],[-56,52],[18,26],[-61,14],[-26,61],[21,36],[2,40],[-25,54],[-4,33],[-54,51],[-43,59],[-58,51],[24,43],[-18,35],[24,38],[77,30],[71,37],[82,-35],[89,-14],[34,-35],[67,-21],[49,5],[28,-33],[44,-22],[52,-2],[63,-51],[43,-14],[77,9]],[[50235,11879],[25,30],[22,-3],[-29,-77],[-9,-53],[9,-21],[-18,-82]],[[53646,9030],[19,7],[17,55],[28,37],[-25,32],[16,57],[25,12],[39,-26],[9,65],[-40,17],[-2,29],[-43,169],[19,43],[27,27],[44,4],[7,-17],[50,-23],[-10,-18],[49,-66],[56,-19],[20,-43],[58,-51],[-42,-15],[14,-106],[-24,-71],[25,-40],[-6,-72],[-38,-70],[-116,1],[-19,35],[3,42],[-19,44],[-19,-13],[8,-52],[-53,-50],[-31,-48],[-42,41],[-4,83]],[[52312,8734],[41,7],[10,20],[69,16],[45,-71],[33,-3],[35,-68],[-40,-42],[32,-27],[-45,-64],[35,-15],[13,-54],[20,-41],[-29,-63],[-48,40],[-32,115],[-38,57],[-55,41],[-25,66],[3,36],[-24,50]],[[52190,9083],[3,25],[44,41],[8,-68],[-37,-27],[-18,29]],[[52103,9305],[50,30],[4,-25],[-33,-20],[-21,15]],[[52028,11486],[27,58],[57,17],[10,-62],[19,-23],[-7,-54],[-70,12],[-16,-14],[-20,66]],[[51753,9908],[30,63],[48,12],[26,-15],[-1,-33],[-24,-57],[-23,6],[-37,-19],[-19,43]],[[51605,10177],[33,54],[63,46],[25,-25],[37,-4],[30,-32],[10,-56],[-12,-59],[-18,-45],[-45,-29],[-16,-46],[-52,72],[-14,59],[-34,31],[-7,34]],[[51493,8559],[21,-11],[22,-60],[8,-57],[-12,-60],[-31,32],[6,69],[-14,87]],[[51431,10538],[40,-6],[34,-30],[-3,-57],[-46,-58],[-13,53],[39,15],[-51,83]],[[51417,9984],[23,41],[38,16],[32,35],[-2,47],[16,46],[74,-53],[31,-45],[6,-86],[-29,-36],[-115,-18],[-18,38],[-56,15]],[[51340,9646],[1,25],[37,27],[14,50],[23,31],[-50,20],[18,48],[51,26],[-7,36],[43,29],[11,-41],[31,-2],[56,17],[15,-18],[62,30],[11,-53],[-9,-39],[-46,-18],[-39,-29],[-55,-73],[-28,19],[-8,-68],[-21,-49],[-20,-99],[-28,-1],[-10,44],[-28,15],[1,69],[-25,4]],[[51197,11174],[31,37],[13,49],[40,77],[46,62],[-1,39],[47,43],[69,-4],[24,-21],[36,10],[48,-4],[-17,42],[-71,9],[-50,18],[-17,24],[17,78],[50,-46],[45,33],[-10,67],[-40,16],[-27,59],[-44,-13],[-17,44],[36,5],[5,66],[-33,82],[11,33],[-20,37],[46,113],[159,-43],[70,-29],[20,20],[68,0],[39,-32],[63,27],[24,-27],[34,31],[30,-18],[51,-109],[15,-17],[3,-61],[46,-8],[4,-49],[26,-42],[-12,-37],[22,-38],[-10,-59],[-34,-46],[2,-31],[-38,-52],[-7,-44],[26,-38],[-4,-29],[33,-15],[61,31],[49,-18],[2,30],[41,-3],[5,-85],[52,-2],[45,26],[7,-49],[31,-4],[40,-46],[43,-19],[20,-58],[112,-120],[2,-27],[38,-41],[24,-56],[32,-39],[70,-132],[-26,-57],[55,-95],[-16,-42],[3,-51],[16,-22],[0,-66],[29,18],[-3,41],[33,6],[39,-64],[15,-104],[17,-16],[-2,-40],[28,-38],[7,-50],[24,8],[88,-64],[34,-51],[23,-86],[-35,-13],[-41,43],[-20,40],[-79,57],[-103,56],[-78,52],[-42,69],[-17,43],[-48,-17],[-29,-58],[55,-26],[-25,-69],[-69,-122],[58,-9],[8,72],[49,19],[36,-24],[78,27],[20,-95],[26,13],[67,-30],[39,-57],[-24,-15],[-71,-20],[-35,13],[-23,-32],[42,-68],[19,37],[70,27],[41,-5],[34,-55],[4,-28],[88,-84],[8,-63],[57,-126],[-44,-61],[-28,-10],[-61,17],[-49,-39],[-10,-56],[70,32],[16,17],[97,-60],[36,80],[-7,29],[34,69],[30,10],[31,-45],[-1,-48],[16,-63],[4,-83],[-38,-61],[-25,-26],[-3,-35],[43,-17],[3,-21],[-63,-62],[-43,-10],[-19,-45],[20,-41],[-53,-33],[-7,-19],[-102,-45],[4,-26],[45,13],[48,-18],[33,47],[36,2],[39,28],[15,39],[22,-13],[40,14],[-10,-60],[25,-124],[-13,-95],[7,-105],[-14,-20],[-45,45],[-19,-19],[76,-65],[14,-37],[10,-75],[-3,-31],[-38,-18],[-24,-57],[15,-65],[-24,-48],[4,-45],[-46,24],[-39,-1],[-32,-25],[-55,3],[4,32],[-39,5],[-3,43],[-35,-20],[-35,26],[-19,-39],[-46,17],[-3,60],[-47,8],[-2,54],[-36,9],[-35,28],[-66,-25],[-17,29],[44,16],[-1,35],[25,47],[43,-6],[48,-20],[20,54],[-10,51],[-60,27],[-18,54],[-50,10],[-44,-18],[-20,6],[-20,50],[12,36],[-37,5],[-60,87],[3,47],[14,27],[29,-11],[2,41],[-23,4],[7,53],[24,11],[2,52],[20,72],[-32,69],[-38,-88],[-19,-85],[-14,62],[11,76],[36,103],[0,44],[-16,57],[-43,61],[-14,-24],[35,-94],[-6,-40],[-24,-36],[-36,5],[-41,22],[-51,56],[-34,12],[1,24],[-38,20],[24,-63],[42,-25],[34,-58],[34,2],[29,-33],[-40,-59],[35,-50],[-7,-29],[18,-46],[-14,-65],[-78,-54],[-20,28],[-31,-4],[-30,30],[-42,10],[-23,30],[28,71],[10,67],[-21,13],[-8,36],[-32,22],[-3,36],[23,41],[-58,41],[17,43],[-7,40],[-53,9],[-32,-26],[-29,11],[-10,30],[14,40],[-6,58],[-34,-20],[-33,17],[7,-127],[22,-36],[18,-67],[-34,-23],[89,-73],[2,-88],[-59,-13],[61,-66],[-10,-17],[70,-68],[-10,-65],[9,-33],[52,-70],[15,-37],[-21,-20],[29,-50],[38,-6],[5,-30],[58,-89],[56,-63],[3,-39],[34,-80],[-11,-83],[47,-12],[-40,-85],[53,-41],[-61,-27],[-38,69],[-31,-21],[-70,19],[-11,45],[-26,51],[13,38],[-37,63],[-42,15],[-33,39],[-5,26],[-30,30],[-34,71],[-13,74],[-34,50],[-2,30],[-47,5],[-34,41],[-23,113],[16,21],[-15,72],[-35,15],[-17,33],[17,43],[-47,56],[1,35],[58,23],[-47,23],[31,36],[-30,53],[25,32],[-36,17],[25,153],[72,20],[-62,47],[-30,-14],[-26,-111],[-59,-14],[-37,-23],[-18,45],[-31,11],[-36,-48],[-28,7],[-22,34],[-8,53],[16,95],[-11,74],[27,20],[60,-10],[0,33],[36,22],[29,-6],[40,-122],[57,-7],[6,48],[-40,47],[-7,28],[13,36],[47,61],[40,-1],[36,-41],[13,53],[25,30],[21,-7],[60,24],[17,24],[-49,31],[77,44],[-29,18],[-38,-18],[-52,25],[-40,41],[19,30],[7,58],[29,56],[-23,55],[-34,-63],[-2,68],[32,79],[-53,11],[3,-28],[-53,-27],[-29,11],[-29,-15],[-35,37],[-64,37],[-46,62],[-40,23],[37,31],[42,59],[-28,29],[1,82],[15,13],[35,-66],[21,65],[-16,39],[-29,18],[-64,-44],[-78,49],[-27,3],[20,-66],[5,-67],[-40,-29],[-60,27],[-22,27],[-47,30],[-13,51],[-21,14],[-32,65],[38,43],[14,50],[31,25],[19,-44],[34,52],[105,-58],[2,-54],[53,-2],[70,14],[9,33],[45,-5],[10,18],[-25,38],[13,63],[-24,64],[-48,-15],[-13,44],[-62,28],[42,51],[-49,7],[-42,44],[46,99],[-16,38],[-21,10],[-46,-78],[-62,-32],[-30,-84],[-21,-27],[-24,4],[-43,-26],[-18,-40],[-22,68],[-37,11],[-39,-19],[-18,83]],[[51190,9969],[4,22],[44,37],[-3,37],[17,36],[54,36],[6,16],[-51,28],[25,47],[81,10],[46,-45],[3,39],[43,-44],[-14,-92],[-39,-18],[-8,-75],[-33,-49],[-23,32],[-32,12],[-15,32],[-64,-26],[-27,-43],[-14,8]],[[51177,12280],[33,-4],[30,-44],[-33,-18],[-30,66]],[[51171,12449],[27,-1],[46,-71],[-19,-18],[-30,29],[-24,61]],[[51054,11049],[0,35],[72,53],[27,-19],[16,-91],[-6,-54],[-29,-60],[-43,17],[-23,40],[-14,79]],[[50575,11070],[34,42],[43,-24],[40,19],[1,-79],[40,7],[-2,23],[44,10],[46,31],[33,-12],[-12,-44],[-108,-79],[-11,-29],[-43,-24],[-45,-38],[-31,29],[-5,31],[33,38],[-41,52],[-16,47]],[[50635,18277],[-25,-92],[88,-147],[323,-222],[149,-89],[151,-277],[168,-210],[204,-219],[-95,-101],[131,-263],[85,-116],[111,-174],[-6,-7]],[[51474,15724],[-19,107],[-19,-40],[5,-107],[-40,23],[-16,-22],[26,-52]],[[51328,15514],[-28,30],[-23,60],[1,26],[-25,37],[-17,52],[-76,129],[-4,44],[23,36],[81,66],[39,-110],[33,-12],[7,34],[-12,61],[-32,72],[-29,22],[-8,65],[-48,-30],[9,-83],[-61,-29],[-41,-42],[-45,26],[-100,142],[-41,66],[-19,56],[5,91],[-13,20],[-14,103],[3,63],[34,28],[-4,88],[-25,40],[88,37],[41,53],[-42,61],[11,46],[-18,30],[-16,73],[-18,-11],[-20,-163],[-80,-65],[-23,-56],[54,-87],[-33,-30],[-19,-75],[-42,19],[-107,-41],[-82,22],[-59,44],[-88,25],[-28,-31],[-93,32],[-49,55],[-42,61],[-22,51],[43,42],[54,17],[-5,36],[-41,15],[2,70],[-52,10],[-47,-17],[-43,81],[6,25],[-38,193],[-49,43],[13,24],[-30,31],[-81,155],[-21,21],[-51,141],[79,9],[-28,51],[1,54],[16,66],[-6,67],[-59,75],[-33,-122],[-19,-23],[-36,27],[-17,63],[-64,95],[-19,62],[16,42],[-9,60],[-26,69],[-3,100]],[[50120,16207],[-8,32]],[[50188,16544],[1,-87],[15,-73],[67,6],[80,38],[33,8],[40,-25],[63,4],[28,-9],[53,-46],[60,-16],[13,19],[37,-5],[12,19],[38,-1],[30,22],[29,-15]],[[49946,17132],[11,21],[77,-151],[34,-97],[-29,-12],[-61,142],[-32,97]],[[49826,17225],[39,-34],[31,-4],[0,-33],[-32,-16],[-38,87]],[[25768,14063],[-41,-82],[-32,-14],[-16,-36],[-62,7],[20,-35],[8,-65],[-40,-12],[-44,-69],[-74,-10],[33,-105],[-12,-43],[-35,12],[-66,39],[-28,6],[-28,61],[-22,17],[-36,-26],[-34,-3],[40,-66],[-44,-67],[-3,-66],[-20,-87],[-38,-10],[-11,61],[-33,42],[-12,49],[-33,-2],[-18,-22],[-2,-44],[-21,-55],[-29,1],[-53,-53],[-56,-132],[-68,-4],[-19,-42],[17,-19],[-2,-42],[-31,-41],[-32,-9],[-32,13],[-31,44],[-42,23],[-4,28],[-102,112],[-60,-8],[-39,-59],[10,-57],[48,-23],[0,-35],[20,-28],[-40,-14],[-30,-30],[-15,23],[-37,2],[-29,-40],[-29,-99],[12,-59],[46,-34],[34,13],[34,-73],[-11,-33],[-35,-23],[-129,7],[-32,-25],[-45,3],[-34,33],[-38,119],[-56,2],[-55,-44],[-10,-28],[-41,8],[-55,-25],[-32,-67],[-23,-14],[-53,-3],[-55,-64],[-32,-20],[-22,-33],[-3,-57],[139,57],[43,28],[69,11],[35,-19],[34,11],[25,-43],[-18,-24],[10,-50],[-5,-44],[-32,-24],[-2,-30],[-28,-5],[-41,30],[-44,5],[-16,28],[-28,-7],[-31,32],[-27,-6],[-57,11],[-43,21],[-18,-34],[46,-42],[-14,-65],[-39,11],[-22,-24],[-24,15],[-51,5],[-47,36],[-43,6],[-54,-56],[-38,-17],[-64,-129],[-48,-54],[9,-52],[30,-28],[79,-32],[-9,-40],[34,-25],[8,35],[47,25],[41,-20],[15,-31],[36,0],[12,-23],[46,-9],[-21,-50],[-38,-18],[-67,-58],[-77,-22],[51,-32],[40,-3],[-35,-84],[76,39],[57,51],[41,50],[17,-45],[-26,-22],[-4,-37],[-34,2],[-41,-19],[-30,-31],[-79,-52],[13,-43],[-42,11],[-1,90],[-35,-55],[2,-44],[-36,19],[48,-121],[-6,-64],[-30,18],[3,33],[-47,50],[-27,-1],[30,-59],[10,-56],[50,-28],[-11,-59],[5,-35],[-35,-15],[-9,37],[-38,57],[-18,1],[11,-72],[-22,-60],[-34,66],[-17,53],[49,36],[-9,19],[-81,-30],[-1,96],[8,75],[37,8],[21,91],[50,28],[-26,25],[-1,43],[-48,-17],[-28,-30],[37,-19],[-37,-33],[0,-33],[-30,-45],[-34,-23],[-30,31],[-16,-45],[37,-44],[-17,-15],[4,-51],[-28,-27],[-46,0],[12,-38],[56,7],[29,-39],[-5,-68],[-56,-20],[45,-45],[-29,-29],[-20,38],[-31,-31],[-29,17],[10,32],[27,6],[-18,42],[15,24],[-60,30],[3,-39],[-23,-37],[-25,10],[-14,59],[-24,-2],[-13,-49],[-32,-58],[-32,-95],[-38,14],[-60,-14],[-5,-89],[-30,6],[-43,72],[-17,1],[-52,-35],[-20,1],[-22,-46],[-41,22],[-33,-3],[-52,-22],[-11,-53],[-64,28],[-61,-52],[-9,-76],[8,-60],[-38,-11],[-31,58],[-12,57],[14,44],[-12,28],[20,54],[-43,9],[-45,-32],[-17,-49],[18,-41],[22,-16],[18,-189],[-9,-33],[-34,-38],[-24,-49],[25,-31],[-10,-119],[-21,-20]],[[22874,13188],[88,-44],[46,-6],[28,19],[114,20],[-12,25],[10,73],[-23,35],[-5,44],[-20,25],[14,82],[-17,36],[9,83],[29,95],[43,90],[61,102],[34,71],[91,151],[91,136],[82,102],[44,26],[41,43],[54,40],[113,50],[3,34],[103,99],[68,143],[67,47],[93,114],[46,33],[53,22],[28,-79],[21,-28],[16,-72],[50,-2],[32,76],[-20,145],[-16,70],[-56,9],[-53,-3],[-14,55],[6,172],[54,208],[26,231],[11,151],[14,143],[28,208],[42,119],[23,13],[56,-9],[54,11],[33,27],[17,66],[-60,5],[-107,152],[7,40],[-17,25],[-1,82],[13,131],[12,50],[34,93],[14,62],[34,69],[50,42],[33,0],[48,57],[51,106],[33,56]],[[25004,18095],[32,38],[8,111],[13,40],[36,9],[-19,34],[-29,-1],[-49,-36],[-35,-60],[4,-66],[-30,-38],[-16,-56],[-128,-56]],[[24641,12553],[67,97],[31,9],[41,-14],[44,16],[102,-8],[92,-69],[-24,-7],[-116,9],[-35,-57],[-51,-2],[-52,14],[-28,-10],[-71,22]],[[23992,12100],[39,31],[44,17],[26,-25],[-15,-25],[24,-56],[-32,-29],[-27,21],[-15,36],[-44,30]],[[22868,10871],[33,124],[29,-2],[50,37],[59,-41],[2,-60],[-65,-2],[10,33],[-58,-17],[-19,-31],[-2,-41],[-39,0]],[[22545,10910],[36,52],[6,29],[58,-52],[2,-50],[-24,-21],[-28,6],[-50,36]],[[22342,10793],[12,31],[46,21],[24,-39],[-2,-39],[24,-18],[-12,-33],[-30,17],[-34,56],[-28,4]],[[22303,10618],[16,20],[16,106],[41,-3],[1,-29],[-57,-83],[-17,-11]]],"transform":{"scale":[0.000885406449273396,0.0004234799621331649],"translate":[-179.146711,51.222441]},"objects":{"02":{"type":"GeometryCollection","geometries":[{"arcs":[[[0]],[[1]],[[2,3,4,5]],[[6]],[[7]]],"type":"MultiPolygon","properties":{"STATEFP":"02","COUNTYFP":"180","COUNTYNS":"01419977","GEOIDFQ":"0500000US02180","GEOID":"02180","NAME":"Nome","NAMELSAD":"Nome Census Area","STUSPS":"AK","STATE_NAME":"Alaska","LSAD":"05","ALAND":59491561075,"AWATER":13779831399},"id":"02180"},{"arcs":[[[8]],[[9,10,11]]],"type":"MultiPolygon","properties":{"STATEFP":"02","COUNTYFP":"185","COUNTYNS":"01419978","GEOIDFQ":"0500000US02185","GEOID":"02185","NAME":"North Slope","NAMELSAD":"North Slope Borough","STUSPS":"AK","STATE_NAME":"Alaska","LSAD":"04","ALAND":229972241966,"AWATER":15630941601},"id":"02185"},{"arcs":[[12,13,14,15,16]],"type":"Polygon","properties":{"STATEFP":"02","COUNTYFP":"066","COUNTYNS":"02804401","GEOIDFQ":"0500000US02066","GEOID":"02066","NAME":"Copper River","NAMELSAD":"Copper River Census Area","STUSPS":"AK","STATE_NAME":"Alaska","LSAD":"05","ALAND":63836358975,"AWATER":1217343850},"id":"02066"},{"arcs":[[[17,18,19,20]],[[21]]],"type":"MultiPolygon","properties":{"STATEFP":"02","COUNTYFP":"020","COUNTYNS":"01416061","GEOIDFQ":"0500000US02020","GEOID":"02020","NAME":"Anchorage","NAMELSAD":"Anchorage Municipality","STUSPS":"AK","STATE_NAME":"Alaska","LSAD":"12","ALAND":4420596509,"AWATER":615656658},"id":"02020"},{"arcs":[[[-5,22,23,24]],[[25]],[[26]],[[27]],[[28]],[[29]]],"type":"MultiPolygon","properties":{"STATEFP":"02","COUNTYFP":"158","COUNTYNS":"01419985","GEOIDFQ":"0500000US02158","GEOID":"02158","NAME":"Kusilvak","NAMELSAD":"Kusilvak Census Area","STUSPS":"AK","STATE_NAME":"Alaska","LSAD":"05","ALAND":44422100885,"AWATER":6493474805},"id":"02158"},{"arcs":[[[30]],[[31]],[[32]],[[33]],[[34]],[[35]],[[36]],[[37,38,39,40]],[[41]],[[42]],[[43]],[[44]],[[45]],[[46]]],"type":"MultiPolygon","properties":{"STATEFP":"02","COUNTYFP":"275","COUNTYNS":"02516402","GEOIDFQ":"0500000US02275","GEOID":"02275","NAME":"Wrangell","NAMELSAD":"Wrangell City and Borough","STUSPS":"AK","STATE_NAME":"Alaska","LSAD":"03","ALAND":6620282509,"AWATER":2369914430},"id":"02275"},{"arcs":[[[-40,47,48,49]],[[50]],[[51]],[[52]],[[53]],[[54]],[[55]],[[56]],[[57]]],"type":"MultiPolygon","properties":{"STATEFP":"02","COUNTYFP":"130","COUNTYNS":"01419973","GEOIDFQ":"0500000US02130","GEOID":"02130","NAME":"Ketchikan Gateway","NAMELSAD":"Ketchikan Gateway Borough","STUSPS":"AK","STATE_NAME":"Alaska","LSAD":"04","ALAND":12579808103,"AWATER":4714991291},"id":"02130"},{"arcs":[[[-3,58,-11,59]],[[60]]],"type":"MultiPolygon","properties":{"STATEFP":"02","COUNTYFP":"188","COUNTYNS":"01419979","GEOIDFQ":"0500000US02188","GEOID":"02188","NAME":"Northwest Arctic","NAMELSAD":"Northwest Arctic Borough","STUSPS":"AK","STATE_NAME":"Alaska","LSAD":"04","ALAND":92389266902,"AWATER":12815474515},"id":"02188"},{"arcs":[[[61]],[[62]],[[63,64,65]],[[66]],[[67,68]]],"type":"MultiPolygon","properties":{"STATEFP":"02","COUNTYFP":"070","COUNTYNS":"01419968","GEOIDFQ":"0500000US02070","GEOID":"02070","NAME":"Dillingham","NAMELSAD":"Dillingham Census Area","STUSPS":"AK","STATE_NAME":"Alaska","LSAD":"05","ALAND":47534537685,"AWATER":5891862209},"id":"02070"},{"arcs":[[[-38,69,70,71]],[[72]],[[73,74]]],"type":"MultiPolygon","properties":{"STATEFP":"02","COUNTYFP":"195","COUNTYNS":"02516404","GEOIDFQ":"0500000US02195","GEOID":"02195","NAME":"Petersburg","NAMELSAD":"Petersburg Borough","STUSPS":"AK","STATE_NAME":"Alaska","LSAD":"04","ALAND":7513271267,"AWATER":2399804664},"id":"02195"},{"arcs":[[75,76,77]],"type":"Polygon","properties":{"STATEFP":"02","COUNTYFP":"090","COUNTYNS":"01419969","GEOIDFQ":"0500000US02090","GEOID":"02090","NAME":"Fairbanks North Star","NAMELSAD":"Fairbanks North Star Borough","STUSPS":"AK","STATE_NAME":"Alaska","LSAD":"04","ALAND":18997546107,"AWATER":258865394},"id":"02090"},{"arcs":[[-13,78,-18,79,80,81,82,83,84]],"type":"Polygon","properties":{"STATEFP":"02","COUNTYFP":"170","COUNTYNS":"01419976","GEOIDFQ":"0500000US02170","GEOID":"02170","NAME":"Matanuska-Susitna","NAMELSAD":"Matanuska-Susitna Borough","STUSPS":"AK","STATE_NAME":"Alaska","LSAD":"04","ALAND":63991131512,"AWATER":1451801576},"id":"02170"},{"arcs":[[[85]],[[86,87,88,89]],[[90,91,92,93]]],"type":"MultiPolygon","properties":{"STATEFP":"02","COUNTYFP":"100","COUNTYNS":"01419970","GEOIDFQ":"0500000US02100","GEOID":"02100","NAME":"Haines","NAMELSAD":"Haines Borough","STUSPS":"AK","STATE_NAME":"Alaska","LSAD":"04","ALAND":6047449333,"AWATER":1032344904},"id":"02100"},{"arcs":[[[-20,94,95,96,97,98,99]],[[-81,100,101,102,103]],[[104]],[[105]],[[106]],[[107]],[[108]],[[109]],[[110]],[[111]],[[112]],[[113,114]],[[115]]],"type":"MultiPolygon","properties":{"STATEFP":"02","COUNTYFP":"122","COUNTYNS":"01419972","GEOIDFQ":"0500000US02122","GEOID":"02122","NAME":"Kenai Peninsula","NAMELSAD":"Kenai Peninsula Borough","STUSPS":"AK","STATE_NAME":"Alaska","LSAD":"04","ALAND":41485521254,"AWATER":22541995126},"id":"02122"},{"arcs":[[[-16,116,117,118,119]],[[120]],[[121]]],"type":"MultiPolygon","properties":{"STATEFP":"02","COUNTYFP":"282","COUNTYNS":"01419986","GEOIDFQ":"0500000US02282","GEOID":"02282","NAME":"Yakutat","NAMELSAD":"Yakutat City and Borough","STUSPS":"AK","STATE_NAME":"Alaska","LSAD":"03","ALAND":19757491677,"AWATER":3978728625},"id":"02282"},{"arcs":[[[-24,122,-82,-104,123,-66,124,-69,125]],[[126]],[[127]],[[128]],[[129]]],"type":"MultiPolygon","properties":{"STATEFP":"02","COUNTYFP":"050","COUNTYNS":"01419966","GEOIDFQ":"0500000US02050","GEOID":"02050","NAME":"Bethel","NAMELSAD":"Bethel Census Area","STUSPS":"AK","STATE_NAME":"Alaska","LSAD":"05","ALAND":105295646665,"AWATER":12692833025},"id":"02050"},{"arcs":[[[-17,-120,130,-95,-19,-79]],[[-97,131]],[[-99,132]],[[133]],[[134]],[[135]],[[136]],[[137]],[[138]],[[139]],[[140]],[[141]],[[142]],[[143]],[[144]],[[145]],[[146]],[[147]],[[148]],[[149]],[[150]],[[151]],[[152]]],"type":"MultiPolygon","properties":{"STATEFP":"02","COUNTYFP":"063","COUNTYNS":"02804400","GEOIDFQ":"0500000US02063","GEOID":"02063","NAME":"Chugach","NAMELSAD":"Chugach Census Area","STUSPS":"AK","STATE_NAME":"Alaska","LSAD":"05","ALAND":24797447815,"AWATER":14539007638},"id":"02063"},{"arcs":[[[-114,153,154,-102,155]],[[156]],[[157]],[[158]],[[159]],[[160]],[[161]],[[162]],[[163]],[[164]],[[165]],[[166]],[[167]],[[168]],[[169]],[[170]],[[171]],[[172]],[[173]]],"type":"MultiPolygon","properties":{"STATEFP":"02","COUNTYFP":"150","COUNTYNS":"01419974","GEOIDFQ":"0500000US02150","GEOID":"02150","NAME":"Kodiak Island","NAMELSAD":"Kodiak Island Borough","STUSPS":"AK","STATE_NAME":"Alaska","LSAD":"04","ALAND":17325688361,"AWATER":14147958943},"id":"02150"},{"arcs":[[-87,174,-91,175]],"type":"Polygon","properties":{"STATEFP":"02","COUNTYFP":"230","COUNTYNS":"02339479","GEOIDFQ":"0500000US02230","GEOID":"02230","NAME":"Skagway","NAMELSAD":"Skagway Municipality","STUSPS":"AK","STATE_NAME":"Alaska","LSAD":"12","ALAND":1147178436,"AWATER":27779583},"id":"02230"},{"arcs":[[[176]],[[177]],[[178]],[[179]],[[180]],[[181]],[[182]],[[183]],[[184]],[[185]],[[186]],[[187]],[[188]],[[189]],[[190]],[[191]],[[192]],[[193]],[[194]],[[195]],[[196]],[[197]],[[198]],[[199]],[[200]],[[201]],[[202]],[[203]],[[204]],[[205]],[[206]],[[207]],[[208]],[[209]],[[210]],[[211]],[[212]],[[213]],[[214]],[[215]],[[216]],[[217]],[[218]],[[219]],[[220]],[[221]]],"type":"MultiPolygon","properties":{"STATEFP":"02","COUNTYFP":"016","COUNTYNS":"01419965","GEOIDFQ":"0500000US02016","GEOID":"02016","NAME":"Aleutians West","NAMELSAD":"Aleutians West Census Area","STUSPS":"AK","STATE_NAME":"Alaska","LSAD":"05","ALAND":11363234702,"AWATER":25198286125},"id":"02016"},{"arcs":[[-4,-60,-10,222,223,-78,224,-83,-123,-23]],"type":"Polygon","properties":{"STATEFP":"02","COUNTYFP":"290","COUNTYNS":"01419987","GEOIDFQ":"0500000US02290","GEOID":"02290","NAME":"Yukon-Koyukuk","NAMELSAD":"Yukon-Koyukuk Census Area","STUSPS":"AK","STATE_NAME":"Alaska","LSAD":"05","ALAND":377536045709,"AWATER":5466592380},"id":"02290"},{"arcs":[[[225]],[[226]],[[227]],[[228]],[[229]],[[230]],[[231]],[[232]],[[233]],[[234]],[[235]],[[236]],[[237]],[[238]],[[239]],[[240]],[[241]],[[242]],[[243]],[[244]],[[245]],[[246]],[[247]],[[248]],[[249,250,251]],[[252]],[[253]],[[254]],[[255]],[[256]],[[257]],[[258]]],"type":"MultiPolygon","properties":{"STATEFP":"02","COUNTYFP":"013","COUNTYNS":"01419964","GEOIDFQ":"0500000US02013","GEOID":"02013","NAME":"Aleutians East","NAMELSAD":"Aleutians East Borough","STUSPS":"AK","STATE_NAME":"Alaska","LSAD":"04","ALAND":18092037389,"AWATER":20799701286},"id":"02013"},{"arcs":[[[259]],[[260]],[[261,262]],[[263]],[[264]],[[265,266]],[[267,268]]],"type":"MultiPolygon","properties":{"STATEFP":"02","COUNTYFP":"220","COUNTYNS":"01419981","GEOIDFQ":"0500000US02220","GEOID":"02220","NAME":"Sitka","NAMELSAD":"Sitka City and Borough","STUSPS":"AK","STATE_NAME":"Alaska","LSAD":"03","ALAND":7433786701,"AWATER":4931993422},"id":"02220"},{"arcs":[[-14,-85,269,-76,-224,270]],"type":"Polygon","properties":{"STATEFP":"02","COUNTYFP":"240","COUNTYNS":"01419983","GEOIDFQ":"0500000US02240","GEOID":"02240","NAME":"Southeast Fairbanks","NAMELSAD":"Southeast Fairbanks Census Area","STUSPS":"AK","STATE_NAME":"Alaska","LSAD":"05","ALAND":64333306378,"AWATER":731324887},"id":"02240"},{"arcs":[[-77,-270,-84,-225]],"type":"Polygon","properties":{"STATEFP":"02","COUNTYFP":"068","COUNTYNS":"01419988","GEOIDFQ":"0500000US02068","GEOID":"02068","NAME":"Denali","NAMELSAD":"Denali Borough","STUSPS":"AK","STATE_NAME":"Alaska","LSAD":"04","ALAND":32736790955,"AWATER":69480244},"id":"02068"},{"arcs":[[[-71,271,272,273]],[[-93,274,-118,275]],[[-266,276,-268,277]],[[278,279]],[[280]],[[281]],[[282]],[[283,284]],[[285,286]],[[287]],[[288]],[[289]],[[290]],[[291]]],"type":"MultiPolygon","properties":{"STATEFP":"02","COUNTYFP":"105","COUNTYNS":"02371430","GEOIDFQ":"0500000US02105","GEOID":"02105","NAME":"Hoonah-Angoon","NAMELSAD":"Hoonah-Angoon Census Area","STUSPS":"AK","STATE_NAME":"Alaska","LSAD":"05","ALAND":16989620637,"AWATER":7836454681},"id":"02105"},{"arcs":[[292,293]],"type":"Polygon","properties":{"STATEFP":"02","COUNTYFP":"060","COUNTYNS":"01419967","GEOIDFQ":"0500000US02060","GEOID":"02060","NAME":"Bristol Bay","NAMELSAD":"Bristol Bay Borough","STUSPS":"AK","STATE_NAME":"Alaska","LSAD":"04","ALAND":1246773236,"AWATER":952149115},"id":"02060"},{"arcs":[[[-49,294]],[[-75,295]],[[-262,296]],[[297]],[[298]],[[299]],[[300]],[[301]],[[302]],[[303]],[[304]],[[305]],[[306]],[[307]],[[308]],[[309]],[[310]],[[311]],[[312]],[[313]]],"type":"MultiPolygon","properties":{"STATEFP":"02","COUNTYFP":"198","COUNTYNS":"01419980","GEOIDFQ":"0500000US02198","GEOID":"02198","NAME":"Prince of Wales-Hyder","NAMELSAD":"Prince of Wales-Hyder Census Area","STUSPS":"AK","STATE_NAME":"Alaska","LSAD":"05","ALAND":13644253277,"AWATER":14625137414},"id":"02198"},{"arcs":[[[-89,314,-273,315,-279,316]],[[-284,317,-286,318]],[[319]],[[320]]],"type":"MultiPolygon","properties":{"STATEFP":"02","COUNTYFP":"110","COUNTYNS":"01419971","GEOIDFQ":"0500000US02110","GEOID":"02110","NAME":"Juneau","NAMELSAD":"Juneau City and Borough","STUSPS":"AK","STATE_NAME":"Alaska","LSAD":"03","ALAND":7000540330,"AWATER":1437614880},"id":"02110"},{"arcs":[[[-64,-124,-103,-155,321,-251,322,-293,323]],[[324]],[[325]],[[326]],[[327]],[[328]],[[329]]],"type":"MultiPolygon","properties":{"STATEFP":"02","COUNTYFP":"164","COUNTYNS":"01419975","GEOIDFQ":"0500000US02164","GEOID":"02164","NAME":"Lake and Peninsula","NAMELSAD":"Lake and Peninsula Borough","STUSPS":"AK","STATE_NAME":"Alaska","LSAD":"04","ALAND":61891863800,"AWATER":25676773493},"id":"02164"}]}}}