{"type":"Topology","arcs":[[[10980,2728],[17,-47],[-8,-18]],[[10989,2663],[-1,-9],[-71,-9],[29,60],[13,-10],[21,33]],[[10906,2733],[3,-5]],[[10909,2728],[-2,-4]],[[10907,2724],[-1,9]],[[10807,2299],[-22,8],[-30,-9]],[[10755,2298],[32,76],[22,0],[20,12],[7,18],[1,38],[14,15],[44,101],[24,9],[6,41],[-9,24],[81,18],[2,-22],[-61,-82],[-52,-88],[-52,-99],[-27,-60]],[[10147,2854],[-13,-51],[3,-30],[28,16],[8,-12],[67,-27],[30,-1],[22,-31],[-4,-14],[43,-23],[13,21],[18,-7],[24,-26],[19,6],[35,-3],[8,-14],[38,-2],[14,-8]],[[10500,2648],[11,-17],[21,-5],[31,11],[22,-13],[7,15],[28,9],[8,-10],[-15,-25],[-2,-41],[21,-44],[36,-34],[32,-15],[41,-11],[28,-17],[-13,-22],[-37,-91],[6,-18],[-32,-31],[-3,-11]],[[10690,2278],[-92,-1],[-193,0],[-305,-2],[-22,29],[-18,10],[-4,28],[-15,16],[-35,2],[-24,17]],[[9982,2377],[10,187],[-1,143],[156,147]],[[5089,9424],[151,1]],[[5240,9425],[442,3]],[[5682,9428],[0,-177],[3,-401]],[[5685,8850],[-235,-1],[-355,-1]],[[5095,8848],[-3,391],[-3,185]],[[10884,6113],[220,132]],[[11104,6245],[51,-24],[27,-69],[-9,-18],[4,-18],[20,2],[14,-34],[28,-6],[87,-88],[18,-47],[16,-14],[47,3],[15,-5],[26,-29],[26,2]],[[11474,5900],[-51,-54],[-29,-14],[-24,-2],[-12,-21],[-2,-42],[-58,-47]],[[11298,5720],[-59,-59],[-199,-112],[-6,26]],[[11034,5575],[-65,275],[-135,104],[-155,86]],[[10679,6040],[205,73]],[[11614,9232],[254,1],[0,36]],[[11868,9269],[253,-4]],[[12121,9265],[2,-439],[-1,-198]],[[12122,8628],[-199,2],[-232,0]],[[11691,8630],[20,40],[-4,31],[-15,16],[-30,12],[-38,66],[-1,33],[8,20],[-29,29]],[[11602,8877],[7,0],[5,355]],[[14521,7585],[17,4],[81,52],[74,-34]],[[14693,7607],[16,-37],[46,-44],[43,2],[11,-18],[23,3],[-16,-35],[-17,-7],[-8,-20],[31,-20],[20,0],[14,-17],[-14,-28],[39,-40],[2,-65],[-22,-40],[24,-17],[8,-20],[18,-13],[25,0],[9,-14],[-4,-37],[22,-12],[-9,-25],[8,-39]],[[14962,7064],[-357,-24]],[[14605,7040],[-147,-31]],[[14458,7009],[-11,22],[12,33],[0,55],[10,30],[-10,63],[-10,11],[12,49],[-6,10],[22,31],[-4,23],[-20,38],[69,74],[-1,137]],[[5760,13524],[323,-1],[293,0]],[[6376,13523],[0,-307],[0,-262]],[[6376,12954],[-237,0],[-379,-1]],[[5760,12953],[0,329],[0,242]],[[10712,4003],[312,265],[66,53]],[[11090,4321],[43,-54]],[[11133,4267],[114,-50],[8,-6],[24,-53],[4,-33],[18,-50],[23,-16],[44,-23],[4,-23],[21,-26],[-9,-46],[28,-34],[-5,-17],[15,-20],[19,-3],[2,-31],[28,-34]],[[11471,3802],[-25,-8],[-66,-48],[-150,-46],[-88,-64],[16,-21],[15,-5],[10,-24],[-13,-22],[18,-33]],[[11188,3531],[-13,3],[-27,-28],[-11,11],[-39,11],[-15,-7],[-44,27],[-12,28],[-21,9],[-26,-1],[-26,-12],[-12,22],[-26,-13],[-38,11]],[[10878,3592],[-2,24],[-23,52],[17,155],[-9,19],[19,45],[-20,19],[-16,30],[5,26],[-22,29],[-31,14],[-8,-15],[-19,-7],[-43,-2],[-14,22]],[[10250,5538],[63,64],[5,-5]],[[10318,5597],[87,-86],[295,-286]],[[10700,5225],[-2,-3]],[[10698,5222],[-321,-204],[-41,26]],[[10336,5044],[-23,8],[-11,14],[-47,19],[-20,1],[-16,12],[-12,27],[-29,28],[-10,21],[-72,67],[6,39],[-30,37],[-13,2]],[[10059,5319],[-28,0],[6,34],[52,43],[65,39],[36,56],[60,47]],[[5682,9428],[153,-1]],[[5835,9427],[441,3]],[[6276,9430],[-1,-444],[0,-133]],[[6275,8853],[0,-4]],[[6275,8849],[-230,0],[-360,1]],[[10907,2724],[-2,-5],[-13,-12],[-16,-22],[-32,-60],[-36,2],[1,33],[-1,2],[-22,11],[-10,22],[-45,5],[-41,-16],[-15,21],[-46,-11],[-28,2],[-16,-8],[-41,0],[-12,-10],[-22,8],[-17,17],[-23,-14],[2,-27],[20,-2],[8,-12]],[[10147,2854],[9,31],[-18,29],[-25,-6],[-46,6],[-17,21]],[[10050,2935],[-21,14],[-7,40],[4,22],[99,83]],[[10125,3094],[286,-63],[31,46]],[[10442,3077],[23,-17],[44,23],[46,-27],[28,-35],[44,20],[27,-19],[15,10],[27,-6],[4,-22],[14,-7],[17,13],[6,-30],[22,-3],[4,-17]],[[10763,2960],[143,-227]],[[7145,11792],[476,-1]],[[7621,11791],[0,-246],[4,-1]],[[7625,11544],[-1,-329]],[[7624,11215],[-279,1],[-202,2]],[[7143,11218],[2,323],[0,251]],[[6520,6442],[369,1],[269,2],[330,3]],[[7488,6448],[0,-278],[0,-279]],[[7488,5891],[-607,-2],[-63,0]],[[6818,5889],[-298,-1]],[[6520,5888],[0,284],[0,270]],[[10250,5538],[-190,158],[-343,283]],[[9717,5979],[55,92]],[[9772,6071],[31,55],[0,40],[-29,-14],[84,181]],[[9858,6333],[23,-12],[20,3],[25,-10],[15,17],[24,8],[25,-24],[21,-7],[-6,-19],[39,-45],[23,-13],[-4,-32],[18,-20],[-7,-14],[18,-31],[39,-35],[67,-18],[8,21],[36,12],[30,4],[7,25],[36,-7],[64,35],[32,-2],[29,-28],[47,-2],[55,-21],[23,-2],[21,-29],[27,-2],[26,-22]],[[10639,6063],[-141,-278],[-180,-188]],[[10125,3094],[10,8],[-166,327],[-36,73],[-120,235],[96,36]],[[9909,3773],[104,39],[36,-32],[62,-23],[5,-10],[43,7],[11,-10]],[[10170,3744],[26,-17],[6,-21],[21,-15],[3,-21],[19,-34],[19,-60],[57,-27],[23,10],[57,-8],[21,-11],[5,-15],[0,-63],[35,-19],[7,-12],[27,9],[15,-6],[25,-35],[37,5],[33,-11],[-4,-12],[30,-7]],[[10632,3374],[-190,-297]],[[13663,6156],[223,1],[-9,48]],[[13877,6205],[323,-1],[221,-1]],[[14421,6203],[-9,-41],[-11,-13],[-34,-100],[18,-23],[4,-40],[19,-26],[-23,-21],[4,-12],[-21,-22],[-2,-20],[15,-42],[-13,-16]],[[14368,5827],[2,-30],[25,-21],[-19,-20],[-6,-37]],[[14370,5719],[-61,18],[-8,19],[-38,0],[-31,-30],[-45,7],[-1,-40],[-18,-30],[-27,0],[-26,-18],[-43,6],[-27,-15],[-52,21]],[[13993,5657],[-174,-1],[-90,290],[-66,210]],[[13182,9496],[30,28]],[[13212,9524],[36,4],[18,20],[21,3],[14,15],[42,13],[70,-2],[27,-5],[3,-18],[33,-28],[6,-14],[35,-28],[46,-28]],[[13563,9456],[19,-23],[19,-8],[18,-42],[17,-12],[32,-7],[10,-12]],[[13678,9352],[-207,-2],[-289,0]],[[13182,9350],[0,146]],[[5835,9427],[1,371],[0,203]],[[5836,10001],[217,3],[377,1]],[[6430,10005],[1,-341],[-1,-225]],[[6430,9439],[-154,-9]],[[6520,5888],[-51,-1],[-425,1],[-439,0]],[[5605,5888],[16,18],[8,34],[42,25],[36,-9],[13,25],[-43,28],[-6,30],[-32,8],[-14,18],[24,28],[1,17],[35,16],[-4,32],[19,13],[3,30],[30,35],[1,13],[-20,37],[5,38],[-17,29],[-18,0],[-23,18],[-68,1]],[[5593,6372],[-8,37],[-20,20],[-16,4],[-1,34],[-9,36],[-27,15],[-1,29],[10,21],[-18,36],[2,17],[-22,47],[-30,18],[19,28],[-10,19],[-42,12],[-2,15],[-35,12],[-11,20],[-25,22],[-35,-6],[-43,27],[-35,-22],[-18,12],[-29,5],[-23,-3],[-10,14],[-44,-6],[-23,40],[-53,10],[-11,-9],[-31,4],[-29,31],[-44,19],[-8,11],[-29,5]],[[4882,6946],[100,-1]],[[4982,6945],[345,-5],[258,-3]],[[5585,6937],[366,-1],[209,0]],[[6160,6936],[358,4]],[[6518,6940],[2,-294],[0,-204]],[[13877,6205],[-56,278],[-72,364],[110,62]],[[13859,6909],[35,-6],[26,-15],[26,-5],[16,-17],[16,9]],[[13978,6875],[9,-19],[16,-7],[26,17],[38,2],[41,16],[22,-27],[31,20],[20,-22],[33,1],[22,-37],[-13,-30],[28,-44],[19,0],[-5,-34],[16,-61],[-5,-13],[18,-36],[1,-38],[46,-20],[15,-50],[-11,-19],[1,-21],[16,-21],[-3,-19],[39,5],[3,-20],[38,-24],[6,-22],[-22,-23],[-18,-33],[0,-64],[17,-9],[-1,-20]],[[5760,12953],[0,-6]],[[5760,12947],[-386,0],[-233,0]],[[5141,12947],[0,10]],[[5141,12957],[0,240],[0,326]],[[5141,13523],[321,1],[298,0]],[[8778,7472],[56,37],[187,130],[23,103],[105,16]],[[9149,7758],[201,31],[34,-53]],[[9384,7736],[47,-74],[174,-280]],[[9605,7382],[5,-8],[-340,-238]],[[9270,7136],[-19,46],[-21,-15],[-32,21],[-2,15],[33,7],[5,33],[-34,-2],[-23,6],[-4,35],[12,17],[-19,22],[-34,-32],[-22,-9],[-2,54],[13,10],[-4,26],[-25,-4],[-26,5],[-17,-10],[5,-17],[-13,-16],[-15,16],[3,31],[-30,0],[-16,-8],[-47,11],[-6,29],[-15,12],[-34,-11],[-36,1],[-3,26],[-19,-12],[-49,25],[4,24]],[[11556,5456],[39,-72],[58,-53],[28,-16],[30,-9],[25,-31],[38,1],[25,-8],[18,7],[13,-13],[-3,-21],[18,-10],[7,-46],[17,-9],[8,-30],[23,-14],[-9,-23],[20,-40],[24,-15],[17,9],[29,-11],[27,-30]],[[12008,5022],[-152,-158],[-46,-142],[-32,-18],[-262,-169],[-41,-24]],[[11475,4511],[-21,22]],[[11454,4533],[112,94],[-147,176],[-119,145],[-46,-1],[0,25],[-12,28],[-35,21]],[[11207,5021],[180,212],[169,223]],[[9315,1887],[334,-4]],[[9649,1883],[200,-2]],[[9849,1881],[82,-1],[1,-67]],[[9932,1813],[0,-279],[0,-289]],[[9932,1245],[-384,3]],[[9548,1248],[-117,1]],[[9431,1249],[5,360],[-56,-1],[0,116],[-30,0],[0,123],[-15,5],[-20,35]],[[7490,6947],[196,0],[391,0]],[[8077,6947],[-1,-195],[137,0]],[[8213,6752],[1,-304]],[[8214,6448],[-163,0],[-270,0],[-293,0]],[[7488,6448],[1,309],[1,190]],[[5760,12947],[0,-324],[0,-254]],[[5760,12369],[-320,0],[-304,0]],[[5136,12369],[2,251],[3,327]],[[6376,13523],[0,3]],[[6376,13526],[160,1],[459,-2]],[[6995,13525],[7,0]],[[7002,13525],[-1,-406],[1,-173]],[[7002,12946],[-282,2],[-102,-2],[-242,0]],[[6376,12946],[0,8]],[[12121,9265],[164,-2]],[[12285,9263],[13,-28],[91,-62],[32,-5],[24,14],[33,-6],[13,-18],[73,-27],[20,-25],[16,-9],[28,12]],[[12628,9109],[10,-16],[24,-8],[12,-21]],[[12674,9064],[1,-274],[47,-39],[16,-23],[43,-31],[-1,-10],[37,-44],[24,-18]],[[12841,8625],[-177,0],[-280,2],[-262,1]],[[7941,7595],[6,426],[3,242]],[[7950,8263],[94,-1]],[[8044,8262],[151,-1],[286,0],[63,-1]],[[8544,8260],[-7,-301],[-2,-124],[1,-385]],[[8536,7450],[-41,21],[-73,-67],[-11,-29],[-30,8],[-33,28],[-45,14],[-13,17],[-27,18],[-10,-8],[4,-25],[-19,-23],[-19,0],[-15,15],[-15,-8],[-28,30],[-8,30],[-41,13],[-34,-2]],[[8078,7482],[-7,-17],[-21,-15],[-23,31],[-27,26],[16,12],[-3,20],[-37,-3],[22,23],[-26,11],[-3,15],[-28,10]],[[13755,9835],[13,-21],[26,-9],[16,14],[37,-10],[4,20],[44,4],[14,19],[21,2],[36,14],[28,-17],[17,6],[39,-32],[18,-8],[21,12],[20,-16],[36,-5],[38,1],[21,-14],[27,2],[5,47],[22,27],[24,2],[30,18],[31,-23],[90,8],[21,-38]],[[14454,9838],[0,-334],[0,-183]],[[14454,9321],[-424,-1],[-277,-1]],[[13753,9319],[1,301],[1,215]],[[11770,8590],[18,-15],[42,-18],[39,-7],[15,-26],[-1,-20],[19,-6],[13,-19],[26,7],[5,-19],[46,-44],[39,16],[-1,-25],[-23,-19],[11,-20],[25,-18],[37,5],[12,-19],[-14,-21],[-4,-41],[21,-19],[39,6],[-1,-63],[14,-34]],[[12147,8171],[-323,-180],[-184,-106]],[[11640,7885],[-255,25]],[[11385,7910],[-137,229],[-67,114]],[[11181,8253],[158,90],[153,85],[278,162]],[[11471,3802],[67,17],[12,-26],[114,2],[54,-4],[24,35],[9,0],[0,-53],[-5,-21],[92,2]],[[11838,3754],[1,-43],[-64,-334]],[[11775,3377],[-39,-64],[-35,-33],[-87,-45],[-48,-26],[-81,-55],[-71,-52],[-67,-56],[-70,-62],[-46,-44]],[[11231,2940],[26,66]],[[11257,3006],[22,17],[-10,53],[1,6],[37,29],[18,-3],[63,7],[21,12],[-5,18],[45,14],[17,34],[34,20],[17,34],[25,12],[40,5],[25,23],[66,13],[31,13],[8,28],[-22,22],[6,16],[31,16],[1,16],[-38,3],[-67,-47],[-44,-19],[-41,-24],[-46,-46],[-36,2],[-10,-11],[-22,7],[-4,18],[-19,27],[6,43],[-8,31],[-48,11],[-12,38],[-28,18],[-19,35],[-32,-21],[20,-13],[19,3],[11,-15]],[[11310,3451],[-34,-22],[-30,38],[-4,15],[-21,9],[-4,17],[-29,23]],[[11281,3151],[12,74]],[[11293,3225],[17,-43],[-1,-19],[-28,-12]],[[9448,4335],[128,176],[182,255],[4,2]],[[9762,4768],[-2,-13],[15,-71],[11,-17],[32,19],[281,-4]],[[10099,4682],[-22,-32],[150,-173]],[[10227,4477],[-239,-202],[-158,-135],[-58,-51],[-76,-62]],[[9696,4027],[-73,91],[-17,24],[-158,193]],[[12285,9263],[-27,12],[-33,36],[9,17],[38,124],[95,0]],[[12367,9452],[223,0],[3,-26]],[[12593,9426],[35,-317]],[[13859,6909],[-20,13],[-23,0],[-26,25],[-41,-4],[-18,15],[-21,0],[-31,15],[-23,-5],[-35,18],[-83,35],[-2,4]],[[13536,7025],[-12,27],[4,15],[-18,40],[2,31],[-13,22],[-25,12],[16,39],[-20,33],[2,20],[-12,13],[-52,7],[-7,14],[3,45]],[[13404,7343],[-30,36],[-22,16]],[[13352,7395],[158,134]],[[13510,7529],[5,-17],[31,-16],[13,-21],[22,5],[46,-28],[13,2],[27,-18],[49,-8],[28,8],[24,-17],[26,-7],[19,9],[23,-17],[31,3],[11,-14],[9,-34],[40,16],[11,-21],[27,-15],[-2,-14],[15,-31],[10,-38],[13,-11],[52,-18],[21,-44],[19,-8],[11,-30],[25,-16]],[[14129,7129],[16,-2],[28,-30],[21,-6],[5,-16],[21,0],[26,-11],[5,-15],[31,-38],[36,-18],[37,-31]],[[14355,6962],[-377,-87]],[[6168,7693],[1,198],[3,379]],[[6172,8270],[92,0]],[[6264,8270],[415,-1]],[[6679,8269],[-2,-313],[-2,-203]],[[6675,7753],[-41,12],[-5,-190],[-190,-3],[-271,-4]],[[6168,7568],[0,125]],[[12386,10591],[20,-5],[8,27],[24,6],[35,-21],[21,21],[-11,16],[6,25],[27,5],[25,-15],[30,7],[28,27],[38,-3],[12,25],[23,20],[48,-19],[4,-46],[21,-16],[26,22],[5,-27],[38,4],[37,-18],[15,5],[29,-8],[46,3],[31,13],[28,1]],[[13000,10640],[0,-168],[0,-289],[2,-200]],[[13002,9983],[-74,15],[-30,23],[-30,9],[-27,24],[-18,-1],[-10,19],[-19,7],[-12,-13],[-30,3],[-45,41],[-18,-10],[-13,14],[-32,9],[-27,-1],[-31,-18],[-29,6],[-9,13],[-33,0],[-39,11],[-46,-26],[-14,-15],[-33,-8],[-10,5]],[[12373,10090],[2,216],[1,263],[10,22]],[[6818,5889],[1,-588],[0,-292]],[[6819,5009],[1,-270],[-8,-24],[-7,-84],[-40,-17],[-2,-27],[11,-19],[-7,-47],[-30,-15],[-27,-3]],[[6710,4503],[-71,45],[-24,7],[-10,36],[-21,5],[-16,16],[-25,12],[-10,19],[-63,23],[-14,30],[-23,25],[-8,31],[-16,15],[-3,23],[-31,15],[-32,-2],[-17,14],[-25,-2],[-23,35],[-3,14],[-21,8],[-49,6],[-23,-6],[-7,22],[23,38],[-13,51],[3,27],[-22,7],[-13,-20],[3,-32],[-15,-25],[-24,18],[-1,34],[15,39],[-18,25],[-35,4],[-13,-17],[-18,41],[-3,28],[-26,20],[-3,28],[-17,12],[18,17],[-11,14],[-30,-24],[-17,2],[-13,48],[-15,-5],[-32,-29],[-42,-3],[5,47],[-8,18],[-29,-16],[-11,-40],[-36,6],[-25,-6],[-19,-19],[-18,22],[-22,-14],[-10,14],[-25,-11],[-56,25]],[[5602,5218],[2,289],[1,381]],[[10878,3592],[-246,-218]],[[10170,3744],[233,192]],[[10403,3936],[181,148],[52,-34],[37,-5],[34,-25],[5,-17]],[[9433,10003],[-1,94]],[[9432,10097],[286,-1],[222,1]],[[9940,10097],[0,-44],[69,0]],[[10009,10053],[0,-261],[-4,-312]],[[10005,9480],[-154,3]],[[9851,9483],[-218,3],[-207,3]],[[9426,9489],[3,196],[4,188],[0,130]],[[12354,4487],[37,39],[-7,5]],[[12384,4531],[57,60],[16,-16],[36,38],[92,-33],[47,-9],[4,22],[24,26],[19,-2],[21,74],[28,15],[2,17],[-11,23],[6,17],[101,2],[44,187]],[[12870,4952],[35,1],[20,9],[34,-4],[16,18],[26,-5],[25,4],[30,-7],[9,-51],[29,8],[14,-6]],[[13108,4919],[-19,-119],[160,-278],[42,-73]],[[13291,4449],[-46,-31],[-21,29],[-48,-6],[8,-20],[-6,-37],[-14,-40],[8,-25],[12,-6],[30,-36],[-76,-61],[-71,-61],[-49,-55],[-52,-38],[-50,-51],[-37,-14],[-24,0],[-30,-14],[-50,-31]],[[12775,3952],[-70,6],[-13,13],[0,26],[-51,46],[-21,13],[-11,29],[7,17],[-11,17],[-51,24],[-75,-3],[-3,28],[-12,11],[-4,31],[5,32],[14,21],[-31,15],[-16,25],[-26,-1],[-15,12],[2,55],[-12,15],[14,33],[-23,22],[16,15],[-34,33]],[[13563,9456],[11,383],[2,121]],[[13576,9960],[20,-11],[21,-47],[19,-3],[11,15]],[[13647,9914],[24,-29],[37,6],[7,-24],[27,-13],[13,-19]],[[13753,9319],[-59,0]],[[13694,9319],[-3,22],[-13,11]],[[10679,6040],[-40,23]],[[9858,6333],[100,214],[155,157]],[[10113,6704],[234,-45],[354,-156]],[[10701,6503],[52,-22],[131,-368]],[[13536,7025],[-110,-138],[-90,-86],[-209,-202]],[[13127,6599],[-36,22],[-14,34],[15,26],[-25,26],[-70,-11],[-1,-33],[-15,-18]],[[12981,6645],[-21,21],[-8,-24],[-38,-5],[-15,15],[20,29],[-19,7],[-19,34],[-1,21],[-22,5],[0,160]],[[12858,6908],[320,254],[168,134],[58,47]],[[12858,6908],[-210,-169]],[[12648,6739],[-24,-5],[-46,84],[23,35],[-5,22],[32,5],[-25,57],[-20,-5],[-21,7],[-35,-2],[-20,13],[-27,6]],[[12480,6956],[-13,37],[0,18],[54,37],[-20,24],[-3,35],[23,21],[4,62],[24,15],[15,20],[22,-3],[0,27],[18,18],[-4,21],[-17,-1],[-1,28],[-19,12],[-1,22],[-22,43],[1,40],[-17,11],[3,20],[-19,35]],[[12508,7498],[106,31],[-5,19],[182,31],[252,37]],[[13043,7616],[19,-22],[34,1],[21,-9],[37,19],[31,-21],[7,-39],[21,-3],[29,-24],[7,-21],[-19,-19],[11,-26],[46,-2],[10,-19],[31,-14],[24,-22]],[[12981,6645],[-13,-161],[-9,-149],[-15,-160]],[[12944,6175],[-3,6],[-272,0],[-265,161]],[[12404,6342],[-38,309]],[[12366,6651],[42,2],[48,18],[30,27],[26,0],[26,14],[31,-12],[23,5],[11,-11],[31,5],[14,40]],[[14454,9321],[0,-249]],[[14454,9072],[-37,-8],[-18,3],[-10,22],[14,21],[-18,22],[-33,0],[-34,-22],[-12,-33],[-58,9],[-6,28],[-17,35],[-46,-6],[-4,-22],[-35,0],[-46,-32],[-39,-15],[-134,-1],[-223,132]],[[13698,9205],[0,36],[34,19],[-30,14],[-8,45]],[[9772,6071],[-259,80]],[[9513,6151],[-1,95],[-28,21],[-24,-13],[-16,14],[-2,17],[14,16],[-19,37],[-2,24],[-23,22],[0,14],[36,3],[6,7],[-13,28],[7,20],[17,6],[24,25],[-4,8],[-54,6],[-9,14],[9,19],[-11,14],[26,17],[7,25],[15,1],[15,21],[-19,11],[-32,-10],[3,31],[-14,14],[-20,2],[3,67]],[[9404,6727],[27,4],[9,23],[-37,13],[-7,23],[13,20],[-20,31],[22,29]],[[9411,6870],[345,4],[261,3]],[[10017,6877],[29,-44],[53,-96],[14,-33]],[[14605,7040],[52,-279],[-8,-286],[-15,-313],[-18,-334]],[[14616,5828],[-248,-1]],[[14355,6962],[75,18],[24,8],[4,21]],[[12508,7498],[3,19],[-25,20],[8,24],[38,3],[-2,51],[12,31],[-29,50],[-25,-13],[9,-30],[-5,-19],[-17,-12],[-22,28]],[[12453,7650],[-9,14],[7,22],[-7,38],[-16,-3],[-30,31],[-51,10],[15,32],[-10,37],[-26,15],[-30,-1],[-33,14],[-11,17],[-24,1],[12,38],[-6,20],[-18,12],[9,23],[-21,16],[-26,7],[9,34],[15,28],[-17,18],[8,10],[-33,23],[-25,23],[18,23],[-4,11]],[[12149,8163],[297,41],[194,28],[225,35]],[[12865,8267],[-11,-22],[6,-49],[10,-17],[-29,-34],[-5,-44],[9,-18],[25,-22],[-13,-81],[-12,-15],[3,-19],[21,-2],[24,-25],[11,-46],[2,-36],[34,-10],[-4,-34],[33,12],[18,-42],[32,-24],[21,-38],[-9,-15],[2,-27],[19,-1],[6,-22],[-15,-20]],[[10787,756],[17,0]],[[10804,756],[37,-160],[16,-94],[21,-170],[-7,3],[-9,48],[-8,23],[3,45],[-21,129],[-17,77],[-15,35],[4,19],[-21,45]],[[10074,304],[0,369]],[[10074,673],[190,-33],[193,-32],[8,35],[32,14],[53,-15],[11,16],[10,37],[31,27],[17,33],[43,1]],[[10662,756],[60,-152],[18,-21],[-20,-26],[-12,-42],[-9,-7],[25,-42],[-9,-28],[5,-31],[15,-27],[-11,-20],[18,-26],[37,-16],[45,-1],[11,-17],[3,-27],[35,23],[16,-5],[-2,-28],[7,-109],[-31,11],[-16,-14],[-43,7],[-25,-15],[-34,5],[0,-22],[-32,1],[-23,-16],[-27,10],[-20,-38],[-1,-24],[9,-17],[-13,-18],[-3,-24],[-63,3],[-18,8],[-2,25],[-15,22],[-45,-4],[1,20],[-27,-13],[-12,40],[-17,22],[-41,8],[-1,29],[-23,-5],[-7,26],[-43,40],[0,27],[-25,-11],[-9,9],[-31,7],[-87,-2],[-22,14],[-3,25],[-43,-9],[-28,2],[0,21]],[[12944,6175],[10,-38],[11,-15],[13,-41],[25,-37],[54,-29],[28,-5],[12,-22],[26,-15],[-25,-43],[68,34]],[[13166,5964],[79,-236]],[[13245,5728],[-192,-178],[-33,-6],[-22,11],[3,13],[-46,40],[-28,12],[-20,-3],[-31,29],[-6,14],[-58,-16],[-19,10],[-10,42],[-34,31],[-25,6],[-42,-43],[-40,-3],[-37,-36],[-41,-13],[-28,5],[-22,-12],[-17,2],[-25,-10],[-37,3]],[[12435,5626],[-1,206]],[[12434,5832],[0,122],[-16,219],[-14,169]],[[8067,9422],[161,0]],[[8228,9422],[322,-1],[108,1]],[[8658,9422],[1,-165],[-1,-421]],[[8658,8836],[-20,0]],[[8638,8836],[-261,1],[-310,-1]],[[8067,8836],[0,312],[0,274]],[[12435,5626],[-39,-9],[-15,25],[-27,27],[-18,-4],[-25,12],[-20,21],[-13,2],[-24,23],[67,-213],[88,-283]],[[12409,5227],[-143,-63],[-24,-1],[1,-15],[-71,-1]],[[12172,5147],[-8,16],[11,19],[-15,33],[-7,32],[-61,8],[-23,39],[14,26],[-2,18],[18,6],[-34,29],[14,22],[-20,24],[41,59],[-10,24],[22,12],[-11,27],[-26,32],[-27,11],[-6,16]],[[12042,5600],[-5,19],[-47,66],[17,27],[18,-15],[7,45],[-5,39],[16,15],[19,-9],[12,17],[22,-13],[7,14]],[[12103,5805],[4,5],[155,11],[35,0],[137,11]],[[5593,6372],[-262,1],[-161,3],[-1,-78],[-235,2],[0,-417],[-256,-1],[-1,-305]],[[4677,5577],[-116,96],[-406,330],[-199,160],[-280,226]],[[3676,6389],[-166,133]],[[3510,6522],[240,292],[140,172],[278,337]],[[4168,7323],[24,-20],[65,-9],[4,-13],[28,-8],[12,-16],[23,-7],[-2,-15],[44,-26],[15,-25],[27,19],[40,17]],[[4448,7220],[16,-19],[27,11],[5,27],[19,4],[41,22],[14,-18],[23,-6],[13,-25],[15,-2],[23,-34],[24,12],[74,-17],[39,-41],[22,-8],[21,-20],[11,-22],[7,-47],[-5,-39],[25,-41],[20,-11]],[[4677,5577],[283,-230]],[[4960,5347],[-5,-21],[-18,8],[-27,-32],[2,-16],[-17,-43],[-14,-24],[3,-22],[-26,-1],[-29,16],[-27,-3],[-9,12],[-24,4],[-30,-28],[-40,-28],[-27,16],[-19,-10],[-28,-1],[-11,-16],[-45,0],[-14,11],[-20,-31],[-15,-66],[-10,-18],[-33,-33],[2,-45],[-32,-5],[7,-21],[-18,-23],[2,-19],[-38,-33],[2,-38],[-27,-66],[6,-62],[-16,-51],[-24,-9],[-20,4],[-8,-45],[-9,-15],[5,-23],[-17,-20],[-4,-20],[21,-22],[19,-5],[4,-25],[-11,-11],[-40,-11],[-7,-10],[-29,-10],[-13,-17],[-20,10],[-29,-13],[3,-19],[-15,-17],[-31,-66],[-22,2],[-29,-18],[4,-14],[-27,-20],[-7,-31],[10,-14],[-23,-35],[3,-20],[-23,-3],[-22,-15],[-19,12],[-63,12],[-27,-13],[-20,21],[-42,15],[-5,15],[-27,-3],[-16,38],[-17,-35],[-32,8],[-32,17],[-39,37],[-27,7],[4,19],[-17,12],[-18,29],[-28,6],[1,21],[-30,26],[-49,-8],[-20,21],[-34,-6],[-74,31],[-17,-5],[-26,36],[-2,18],[-22,14],[-34,40]],[[3272,4531],[0,319],[-4,292],[-3,365],[0,411],[-2,135]],[[3263,6053],[142,116],[271,220]],[[4121,10234],[1,106],[5,230]],[[4127,10570],[210,1],[285,0]],[[4622,10571],[16,-393],[8,-185]],[[4646,9993],[-178,0],[-352,0]],[[4116,9993],[5,241]],[[12366,6651],[-300,-50],[-50,-4]],[[12016,6597],[-11,48],[-40,69],[13,34],[-7,13],[-23,6],[-15,29]],[[11933,6796],[56,23],[24,4],[101,67],[39,31],[47,7],[39,25],[241,3]],[[13127,6599],[22,-8],[57,-49],[0,-30],[-16,-20],[-2,-35],[16,-32],[25,2],[-10,-23],[5,-22],[23,0],[47,26],[18,-6],[0,-17],[16,-18],[19,-57],[-31,-28],[7,-9],[28,2],[45,-5],[29,-22],[34,2],[40,-20],[38,0],[10,-21],[-22,-8],[-17,-18],[2,-19],[19,-4]],[[13529,6160],[8,-8],[-188,-97],[-183,-91]],[[13698,9205],[0,-187]],[[13698,9018],[-30,5],[-10,10],[-25,-5],[-70,-91],[-178,-73],[-14,2]],[[13371,8866],[-25,-27],[-18,27],[-47,1],[-22,20],[-58,-7],[-21,30]],[[13180,8910],[2,440]],[[11257,6970],[112,63],[156,90]],[[11525,7123],[65,36],[253,145]],[[11843,7304],[3,-45],[-11,-17],[-2,-32],[15,-27],[-16,-26],[10,-6],[11,-32],[1,-22],[12,-22],[6,-60],[20,-30],[-5,-27],[13,-23],[13,-3],[14,-33],[-4,-25],[-13,-32],[26,-14],[-3,-32]],[[11933,6796],[-26,-13],[-85,-57],[-28,-32],[-4,-16],[-25,-27],[-26,-50],[-15,-44],[-39,-64],[-126,-65]],[[11559,6428],[-34,29],[1,12],[-29,6]],[[11497,6475],[-13,13],[23,20],[-14,32],[-20,-4],[6,26],[-5,28],[-33,21],[-29,43],[12,53],[-24,-1],[-12,-11],[-20,6],[-26,34],[1,21],[-16,20],[-2,18],[30,30],[-12,14],[-18,-3],[-18,77],[-28,-4],[-10,14],[12,15],[-24,33]],[[9548,1248],[-124,-288],[-66,-142],[-115,-265]],[[9243,553],[-30,-7],[-48,-22],[-28,13],[-6,25],[-39,9],[0,21],[-44,58],[-14,-8],[-24,9],[-10,37],[-10,13],[-23,-1],[-17,-13],[-26,8],[-37,-16],[-7,25],[-61,8],[3,18],[-25,13],[-13,-11],[-29,-1],[-12,21],[-17,7],[-29,-21],[-22,-1],[-34,39],[22,67],[-15,31],[-26,33],[-45,14],[-3,47]],[[8574,968],[182,137],[65,147]],[[8821,1252],[357,-2],[253,-1]],[[5827,11216],[107,0]],[[5934,11216],[226,0],[267,0]],[[6427,11216],[0,-469],[1,-165]],[[6428,10582],[-241,-1],[-359,-3]],[[5828,10578],[-1,253],[0,385]],[[13002,9983],[3,-4]],[[13005,9979],[-3,-1]],[[13002,9978],[-5,-12],[-27,-9],[-22,7],[-48,1],[-20,5],[-81,-28],[-46,-1],[-16,15],[-20,-11],[-27,9],[-33,-12],[-7,-15],[-33,-35],[-33,-13],[-22,6],[-28,-9],[-11,6],[-52,-37],[-15,-28],[-88,-48]],[[12368,9769],[3,252]],[[12371,10021],[2,69]],[[8658,9422],[167,0]],[[8825,9422],[202,0],[228,-4]],[[9255,9418],[0,-363],[0,-218]],[[9255,8837],[-410,0],[-187,-1]],[[7028,10005],[299,0],[305,0]],[[7632,10005],[2,-190],[0,-216],[0,-173]],[[7634,9426],[-178,0]],[[7456,9426],[-430,4]],[[7026,9430],[1,49],[2,289],[-1,237]],[[10017,6877],[-3,41],[8,5]],[[10022,6923],[330,196],[230,136]],[[10582,7255],[87,-101],[74,47]],[[10743,7201],[239,-389]],[[10982,6812],[-207,-120],[-10,-7],[-64,-182]],[[9932,1813],[34,12],[8,18],[17,7],[76,4],[19,12],[11,-8],[30,16],[0,21],[25,12],[41,3],[23,-13]],[[10216,1897],[12,-15],[20,1],[72,18],[19,-45],[39,1],[46,-15],[31,-3],[34,20],[71,26],[18,-8],[-22,-125],[8,-24],[-11,-209],[-15,-139],[51,-6],[1,-9],[-49,4],[-6,-36],[22,-30],[-28,-1],[-15,-22],[11,-87],[4,-62],[23,-81],[5,-44]],[[10557,1006],[-68,1],[-144,-2],[-271,-2],[-110,19]],[[9964,1022],[-32,5],[0,218]],[[10638,1904],[26,0]],[[10664,1904],[-11,-50],[-16,-99],[-7,-84],[-2,-122],[3,-66],[14,-125],[30,-149],[29,-115],[26,-88],[-20,0],[-25,62],[-8,29],[-45,139],[-7,34],[-11,22],[3,31],[-11,38],[8,21],[-4,41],[9,56],[-8,19],[5,60],[-1,38],[5,52],[-10,52],[5,7],[3,60],[9,46],[-3,48],[14,5],[10,30],[-10,8]],[[14129,7129],[-14,27],[-1,23],[20,32],[8,28],[-3,48],[-11,13],[0,60],[22,20],[-15,40],[9,21],[-7,23],[20,45],[-5,79],[-5,23],[-17,3],[-23,22],[-26,35],[-28,7],[-8,18]],[[14045,7696],[354,-43],[122,-68]],[[5602,5218],[-28,9],[-29,-6],[8,26],[-25,6],[-16,-18],[-13,18],[-37,-19],[-73,10],[-17,-4],[-7,20],[-16,3],[-38,-24],[-30,3],[-1,-13],[-37,-4],[-12,11],[-28,-4],[-17,13],[-21,1],[-20,15],[-22,35],[-15,8],[-37,-8],[-45,18],[-44,31],[-22,2]],[[5089,9424],[-258,0],[-186,0]],[[4645,9424],[1,183],[0,368],[0,18]],[[4646,9993],[254,0],[341,1]],[[5241,9994],[0,-291],[0,-224],[-1,-54]],[[12147,8171],[2,-8]],[[12453,7650],[-235,-123],[-280,-149]],[[11938,7378],[-67,115],[-231,392]],[[10807,2299],[-60,-134],[-50,-140],[-33,-121]],[[10638,1904],[-1,27],[17,13],[-12,29],[5,38],[30,58],[6,42],[27,61],[11,15],[-8,20],[42,91]],[[10690,2278],[-23,-63],[-7,-42],[-19,-51],[-2,-43],[-36,-89],[-16,-29],[-42,-10],[-36,-21],[-30,-30],[-27,4],[17,35],[23,8],[-6,15],[24,24],[-7,16],[10,26],[-22,0],[-34,-30],[-7,-12],[-57,-41],[-27,-30],[-32,16],[2,34],[-21,0],[-19,28],[9,16],[-22,25],[-33,12],[-4,-12],[16,-24],[7,-33],[18,-28],[24,-10],[-7,-21],[-73,-26],[-15,5]],[[9849,1881],[-2,496],[135,0]],[[4127,10570],[4,237],[-1,396],[0,14]],[[4130,11217],[159,0],[333,0]],[[4622,11217],[0,-279],[0,-367]],[[14370,5719],[3,-16],[45,-42],[-15,-18],[-5,-27],[67,-20],[5,-20],[-3,-32],[38,2],[18,-25],[29,2],[4,-14],[26,-14],[20,7],[12,-14],[50,-11],[18,-30],[6,-33],[-18,-86]],[[14670,5328],[-53,-37],[-25,-24],[-7,-29],[7,-15],[28,-18],[11,-39],[21,-9],[37,-59],[0,-16],[-131,6],[-56,-3],[-64,-13],[-45,-14],[-102,-43],[-194,-87]],[[14097,4928],[1,16],[-5,414],[-95,-1],[-2,4]],[[13996,5361],[-3,296]],[[12870,4952],[-208,111],[-253,164]],[[13245,5728],[76,-230],[35,-2],[17,-25],[-3,-26],[-12,-44],[20,-47]],[[13378,5354],[5,-22],[26,-16],[22,-28],[27,-7],[3,-19],[-16,-24],[6,-10],[-1,-44],[-27,-41],[25,-50],[-12,-18]],[[13436,5075],[-14,32],[-36,6],[-5,9],[-40,-4],[36,-39],[-22,-16],[-16,-42],[37,-42],[-24,-28],[-15,-41]],[[13337,4910],[-54,13],[-19,-17],[-27,-46],[-43,-6],[-26,-11],[-6,22],[-15,5],[-7,22],[-32,27]],[[12384,4531],[-37,5],[-20,43],[5,16],[-66,34],[14,28],[-19,29],[-14,3],[-7,39],[-10,-1],[-11,31],[-19,-6],[-33,21],[-26,59],[38,7],[2,15],[-26,4],[-10,11],[2,23],[15,15],[-4,20],[-17,9],[-3,30],[-31,14]],[[12107,4980],[74,1],[8,57],[-14,39],[-16,-12],[-13,22],[47,8],[-21,52]],[[12367,9452],[-1,27],[2,290]],[[13002,9978],[1,-102],[0,-294],[-1,-153]],[[13002,9429],[-409,-3]],[[12865,8267],[-4,12],[-23,18],[-9,37]],[[12829,8334],[134,0],[410,4]],[[13373,8338],[0,-109],[1,-278],[54,-1]],[[13428,7950],[2,-18],[-21,-46],[-20,-19],[38,-14],[9,-22],[-39,-1],[-8,-19],[15,-21],[-8,-40],[9,-10],[18,-79],[19,-28],[2,-35],[9,-12],[28,9],[-6,-42],[18,-22],[17,-2]],[[14616,5828],[225,2]],[[14841,5830],[-16,-47],[27,-75],[-7,-52],[-25,-24],[8,-33],[-5,-22],[-19,-21],[-2,-17],[-18,-12],[-19,-25],[-17,-7],[-24,-48],[-10,-45],[-16,-35],[-28,-39]],[[14097,4928],[-19,-8]],[[14078,4920],[-7,49],[-34,6],[-14,-16],[-5,-26],[-56,-12]],[[13962,4921],[-31,-16],[-26,-6],[-2,16],[-25,25],[-18,4],[-46,-20],[-64,-16],[-35,-12],[-17,1],[-44,-16],[-25,-4],[-19,8],[33,31],[40,75],[16,39],[6,55],[8,16],[-9,48],[1,39],[-40,41],[-97,-42],[-41,-49],[-16,-34],[-9,-32],[-40,-21],[-14,2],[-12,22]],[[13378,5354],[327,4],[225,3],[66,0]],[[13384,5081],[8,6],[18,-7],[13,-32],[-20,-23],[-10,41],[-9,15]],[[10071,8270],[187,111],[81,48],[18,-5]],[[10357,8424],[17,1],[12,-21],[25,-17],[2,-34],[13,0],[38,-20],[14,2],[-3,34],[41,15]],[[10516,8384],[22,-14],[-14,-19],[-29,-12],[-1,-15],[27,-40],[2,-14],[-25,-36],[7,-22],[0,-34],[13,-10],[38,6],[22,-9],[22,-28],[25,-1],[2,-17],[-28,-25],[-40,-27],[30,-32],[17,0],[43,-25],[-24,-8],[-2,-18],[24,-8],[40,-31],[27,9],[25,-7],[6,-13],[-36,-43],[-21,-16],[19,-36],[37,-21]],[[10744,7818],[-347,-194],[-29,-15]],[[10368,7609],[-97,163],[-88,-51]],[[10183,7721],[-180,302],[-94,156]],[[9909,8179],[162,91]],[[8315,3708],[208,4],[184,1],[290,4]],[[8997,3717],[0,-1]],[[8997,3716],[-1,-29],[1,-202],[-2,-489],[-1,-61]],[[8994,2935],[-187,-8],[-484,-27],[-6,230]],[[8317,3130],[-1,192],[-2,102],[1,284]],[[11556,5456],[-60,110]],[[11496,5566],[32,35],[9,-8],[77,0],[212,34],[56,8],[30,-28],[35,0],[76,-30],[19,23]],[[12107,4980],[-7,14],[-24,14],[-29,-4],[-39,18]],[[11310,3451],[22,-45],[-25,-14],[-37,32],[-22,8],[-22,-17],[-1,-15],[37,-39],[31,-19],[10,-60]],[[11303,3282],[-149,-24],[-233,-37],[24,-62],[30,-9],[14,-15],[24,1],[29,-8]],[[11042,3128],[-16,-19],[-50,-18],[-81,-45],[-70,-57],[-16,-31]],[[10809,2958],[-22,-17],[-24,19]],[[13946,10323],[43,-4],[-7,-26],[-17,-10],[18,-20],[27,-2],[46,-58],[39,-5],[4,23],[49,-12],[13,33],[19,-5],[8,-19],[20,32],[21,-8],[-13,-26],[28,-5],[14,13],[3,27],[17,-2],[14,17],[25,-8],[16,-30],[33,1],[42,12],[19,-9],[-7,-20],[33,-3],[1,-371]],[[13647,9914],[0,262],[1,233]],[[13648,10409],[11,-15],[59,-9],[15,12],[26,-13],[-23,-26],[35,0],[24,23],[17,-25],[26,21],[11,-35],[24,11],[5,-19],[-7,-23],[53,-11],[22,23]],[[12354,4487],[-105,-109],[-84,-54],[-310,-189]],[[11855,4135],[-139,137],[-210,210],[-31,29]],[[9717,5979],[-143,-422]],[[9574,5557],[-133,-133]],[[9441,5424],[-200,267]],[[9241,5691],[0,142],[-4,336]],[[9237,6169],[207,3],[69,-21]],[[6427,11216],[110,1]],[[6537,11217],[367,0],[124,1]],[[7028,11218],[-1,-193],[0,-217],[0,-223]],[[7027,10585],[-468,-2],[-131,-1]],[[4725,11791],[177,-1],[232,2]],[[5134,11792],[196,1]],[[5330,11793],[0,-289],[0,-287]],[[5330,11217],[-106,0]],[[5224,11217],[-499,0]],[[4725,11217],[0,248],[0,326]],[[11843,7304],[-1,24],[96,50]],[[12103,5805],[-14,10],[23,25],[-16,9],[17,39],[-19,7],[4,24],[-27,-7],[-39,32]],[[12032,5944],[13,10],[-2,62],[29,4],[14,40],[23,0],[7,18],[-27,17],[-18,-3],[-10,32],[-12,9],[9,24],[-19,49],[-15,18],[0,38],[-27,24],[5,44],[17,30],[-5,60],[-9,26],[16,17],[-7,35],[9,28],[-24,34],[11,8],[6,29]],[[5136,12369],[-87,0],[-58,2],[-381,3],[-143,-3],[-335,-2]],[[4132,12369],[1,280],[0,301]],[[4133,12950],[199,2],[278,1],[14,0],[517,4]],[[9270,7136],[-8,-36],[12,-14],[18,3],[18,-30],[1,-42],[-24,-21],[34,-42],[20,32],[25,1],[26,-51],[-32,-16],[10,-18],[25,-12],[16,-20]],[[9404,6727],[-206,1],[-143,-2],[-246,1]],[[8809,6727],[-146,1],[0,25]],[[8663,6753],[0,409],[2,279]],[[8665,7441],[8,-3],[32,21],[18,21],[21,-20],[34,12]],[[8315,3708],[-16,-1]],[[8299,3707],[-2,237],[-3,360]],[[8294,4304],[190,0],[508,-1]],[[8992,4303],[1,-118],[4,-468]],[[6168,7693],[-583,0]],[[5585,7693],[0,339],[0,238]],[[5585,8270],[93,1]],[[5678,8271],[154,-1],[340,0]],[[13337,4910],[25,-39],[21,-11],[74,-20],[-19,-22],[-26,-16],[23,-20],[45,-25],[6,-61],[24,-26],[-29,-16],[-18,1],[-1,-22],[17,-19],[-16,-22],[-34,8],[-20,-29],[-19,-13],[-46,-55],[-19,-17],[-8,-23],[-26,-14]],[[14078,4920],[-137,-60],[-85,-39],[-77,-40],[-57,-36],[-31,-28],[-29,-47],[-52,-8],[13,38],[-8,12],[22,22],[11,-10],[48,37],[9,22],[22,27],[13,5],[29,-6],[39,13],[13,33],[23,27],[15,4],[36,-19],[32,-8],[16,12],[0,18],[19,32]],[[13559,4612],[2,28],[13,9],[33,-26],[-20,-26],[-26,1],[-2,14]],[[13216,4303],[14,10],[15,28],[66,46],[13,3],[11,26],[33,20],[32,37],[19,3],[28,43],[34,22],[19,26],[43,13],[19,13],[26,-1],[27,16],[9,22],[45,-8],[-46,-34],[-31,-28],[-112,-74],[-157,-108],[-68,-52],[-21,-25],[-18,2]],[[14454,9072],[0,-398]],[[14454,8674],[-357,-84],[-14,22],[-14,-4],[-8,33],[-42,3],[-17,-11],[-22,11],[-41,33]],[[13939,8677],[-29,-9],[-18,21],[-26,5],[-27,-16]],[[13839,8678],[-24,6],[-47,-2],[-35,31],[-25,8],[-10,-8],[0,305]],[[11474,5900],[78,18],[12,16],[38,-3],[38,6],[46,21],[39,4],[4,12],[47,4],[22,22],[20,-6],[33,22],[15,-7]],[[11866,6009],[16,-19],[58,7],[41,17],[5,23],[18,-7],[9,-28],[15,6],[6,-37],[-2,-27]],[[11496,5566],[-2,29],[-12,12],[1,41],[-23,31],[7,20],[-41,8],[-5,18],[-32,-26],[-23,3],[-36,-11],[-7,14],[-25,15]],[[11104,6245],[393,230]],[[11559,6428],[-20,-16],[2,-26],[-19,-33],[35,-4],[24,-11],[46,-3],[0,-11],[26,-17],[18,4],[36,-42],[16,3],[6,-42],[35,-18],[17,19],[17,-7],[2,-36],[20,-27],[20,-47],[36,-19],[9,-23],[-27,-46],[8,-17]],[[5760,13524],[-1,245],[0,343]],[[5759,14112],[295,-1],[323,0]],[[6377,14111],[0,-339],[-1,-246]],[[14962,7064],[13,-14],[41,27],[22,-2],[-17,-38],[10,-55],[-22,-22],[8,-25],[22,-5],[16,-17],[-14,-14],[11,-20],[-20,-37],[-31,6],[-14,-17],[16,-16],[-6,-16],[43,-23],[7,-28],[-6,-17],[-31,-15],[10,-21],[-28,-17],[17,-21],[7,-47],[-25,-42],[-20,-50],[-19,-21],[-3,-39],[-10,-32],[-21,-28],[-19,-4],[-32,-39],[-3,-20],[8,-41],[-40,-9],[-17,-18],[5,-20],[-11,-36],[30,-27],[-11,-39],[20,-32],[0,-27],[-23,-14],[-25,-31],[-18,-16],[2,-21],[-9,-41],[22,-53],[45,-19],[-5,-32],[4,-29]],[[7145,11792],[-143,0]],[[7002,11792],[0,198],[1,379]],[[7003,12369],[227,0],[391,-1]],[[7621,12368],[0,-202],[0,-375]],[[10980,2728],[21,2],[5,-31],[-17,-36]],[[10809,2958],[48,-21],[20,-14],[9,-20],[17,-8],[45,68],[16,1],[36,18],[7,32],[27,-5],[-14,-49],[14,-58],[-22,-5],[-21,-43],[-7,-41],[-22,8],[-53,-93]],[[11231,2940],[-85,-92],[-40,-47],[-52,-69],[-21,-32],[-23,-53],[-11,10],[14,37],[-2,21],[14,29],[27,15],[29,52],[-1,28],[19,44],[40,51],[9,42],[23,17],[28,7],[-7,13],[15,23],[34,-33],[16,3]],[[11281,3151],[-18,-28],[-23,-26],[-20,-9],[-30,-33],[-29,-13],[-20,-19],[-33,-1],[18,35],[24,66],[-19,32],[32,54],[-44,-26],[0,-12],[-20,-20],[25,-31],[-23,-32],[-19,-63],[-30,19],[-9,15],[-1,69]],[[11303,3282],[-22,-38],[12,-19]],[[9448,4335],[-455,180]],[[8993,4515],[-1,281],[-2,302]],[[8990,5098],[32,39]],[[9022,5137],[47,-5],[43,27],[9,-2],[36,18],[17,-5]],[[9174,5170],[49,-7],[33,13],[36,3],[45,-18],[31,-7],[67,-5],[23,11],[29,-10],[20,5],[20,-16],[-18,-24],[-29,0],[1,-54],[17,5],[22,-16],[6,-55],[33,-25]],[[9559,4970],[15,-44],[31,-20],[32,15],[23,-11],[5,-34],[16,-1],[27,-33],[14,-2],[5,-24],[41,6],[13,-25],[-19,-29]],[[9964,1022],[-13,-80],[6,-24],[-24,4],[-9,-60],[-13,-56],[110,-19],[53,-1],[0,-113]],[[10074,304],[-8,-17],[-29,4],[-39,-5],[-25,8],[-20,-14],[-39,18],[-24,-7],[-19,-25],[-36,14],[-7,22],[-17,-12],[-16,11],[-37,-8],[-9,-16],[-36,34],[-18,-29],[-33,31],[-32,-6],[-22,28],[-4,28],[-23,8],[-33,-3],[-17,26],[-4,18],[-30,10],[-22,-3],[-39,37],[-28,19],[3,27],[-26,9],[-43,-22],[-1,17],[-24,-1],[-29,17],[-20,-10],[-18,11],[-7,30]],[[11838,3754],[10,203],[7,178]],[[12775,3952],[-145,-85],[-159,-98],[-71,-42],[-65,-32],[-113,-50],[-108,-51],[-140,-76],[-75,-47],[-57,-50],[-11,1],[-56,-45]],[[4168,7323],[-15,10],[-36,7],[-14,-26],[-45,-2],[-41,3],[-18,9],[-26,-3],[-76,30],[-22,46],[-16,-16],[-26,8],[-28,-11],[-25,14],[-36,-9],[-15,19],[-28,-7],[-25,8],[-13,-9],[-36,29],[-8,17],[9,23],[-25,37],[9,21],[0,38],[-22,39],[12,29],[-13,33],[-15,17],[-23,7],[-27,-16],[-44,26]],[[3480,7694],[325,-1]],[[3805,7693],[372,0],[234,1]],[[4411,7694],[37,0]],[[4448,7694],[0,-474]],[[13000,10640],[24,-5],[27,29],[15,-1],[3,58],[42,31],[49,-20],[18,-13],[39,-7],[-12,-21],[17,-16],[32,14],[-11,-31],[21,-11],[2,27],[21,-1],[16,-52],[62,-14],[27,11],[5,-31],[24,-10],[-11,-17],[15,-15],[17,4],[4,-22],[28,-30],[11,0],[15,-27],[29,-12],[70,-6],[18,-11],[43,0],[-12,-32]],[[13576,9960],[-5,16],[-20,9],[-31,-8],[-21,24],[-16,1],[-43,-15],[-33,12],[-12,-7],[-58,4],[-25,-13],[-41,7],[-31,14],[-28,-10]],[[13212,9994],[-23,-10],[-31,2],[-57,-7],[-23,-13],[-66,19],[-7,-6]],[[4411,7694],[1,280],[-1,294]],[[4411,8268],[106,2],[482,0]],[[4999,8270],[-1,-282],[0,-295]],[[4998,7693],[-35,0]],[[4963,7693],[-515,1]],[[13212,9524],[1,295],[-1,175]],[[3006,8155],[51,0]],[[3057,8155],[4,-27],[28,10],[4,-43],[9,-14],[21,-2],[12,-53],[34,-14],[-1,-22],[61,17],[-2,-20],[19,-28],[7,-32],[-1,-44],[13,-24],[16,-2],[34,-45],[35,-2],[27,12],[17,-9],[12,-25],[19,-17],[38,-7],[-12,-20],[5,-22],[24,-28]],[[3510,6522],[-102,78],[-491,370]],[[2917,6970],[15,207],[74,978]],[[10336,5044],[-130,-198],[-8,-16],[-99,-148]],[[9559,4970],[125,55],[128,63],[104,91]],[[9916,5179],[64,72],[79,68]],[[3272,4531],[-15,-3],[-38,24],[-28,1],[-42,11],[-22,-3],[-49,18],[-16,-4],[-50,21],[-72,45],[-32,37],[-13,-3],[-16,17],[-38,16],[-29,60],[-20,11],[2,41],[-25,-3],[-3,19],[-32,27],[-40,14],[-48,-5],[-65,47],[-5,22],[-61,41],[-16,8],[-11,25],[-25,15],[-21,1],[-11,37],[-16,14],[-12,82],[-23,16],[5,23],[-29,37],[-20,40],[-6,23],[-19,10],[-3,23],[-29,28],[-18,25],[-10,33],[0,55],[-24,62],[9,18],[-13,17],[24,42],[-9,26],[-3,42],[11,60],[-28,60],[-2,18],[-24,31],[-30,15],[-1,37],[-41,39],[-17,5],[1,38],[-31,15],[-25,22],[3,25],[-12,46],[2,27],[-9,41],[2,20],[-31,79],[-12,20],[-24,18],[-48,15],[-9,25]],[[1910,6340],[369,-85],[638,-149],[230,-53],[116,0]],[[6856,4295],[307,2],[172,-1],[159,2]],[[7494,4298],[-1,-211],[-2,-370]],[[7491,3717],[0,-209],[0,-387]],[[7491,3121],[-113,-1]],[[7378,3120],[-13,51],[-26,-2],[-13,9],[-42,58],[7,43],[-30,38],[-3,16],[-28,36],[-9,23],[15,37],[-6,26],[-30,33],[35,22],[3,12],[-60,18],[-21,29],[-7,21],[16,31],[-4,15],[-36,14],[-17,16],[1,41],[-19,1],[-19,19],[-22,6],[-13,41],[2,66],[-33,49],[1,37],[-13,27],[-31,4],[1,26],[-20,19],[0,12],[-26,39],[-29,19],[-14,34],[6,59],[-20,82],[-5,48]],[[9574,5557],[307,-250],[35,-128]],[[9174,5170],[184,173],[83,81]],[[13373,8338],[0,308]],[[13373,8646],[398,-1],[43,-14],[11,8],[14,39]],[[13939,8677],[-2,-50],[-30,-68],[-12,-44],[-31,-30],[-26,-62],[-1,-57],[-16,-64],[-8,-54],[2,-129],[102,1]],[[13917,8120],[0,-63],[31,-30],[11,-28],[14,-14],[-2,-20],[13,-17]],[[13984,7948],[-399,0],[-157,2]],[[8994,2935],[1,-350],[4,-382],[1,-199]],[[9000,2004],[0,-114],[-179,2]],[[8821,1892],[-196,2],[-239,3],[-42,61],[-96,-72]],[[8248,1886],[-31,-6],[-18,15],[9,21],[-7,21],[-40,4],[-9,15],[38,29],[-4,19],[18,35],[5,42],[-8,52],[18,36],[-20,29],[-36,-2],[7,60],[12,27],[-21,21],[-14,34],[-19,4],[-25,-9],[3,22],[-30,30],[-40,-20],[-31,12],[9,16],[-13,16],[-20,2],[-21,-8],[-19,14],[-19,35],[-22,26],[-15,27],[-24,0],[-12,13],[-13,42],[-25,-15],[-9,8],[-9,34],[-31,9],[4,19],[-9,46],[-22,19],[-3,20],[11,18],[-7,25],[-20,8],[-24,48],[8,35],[-36,4],[-31,12],[-20,37],[-12,58],[-40,27],[-3,21],[-26,37],[-6,20],[-42,15],[-24,17],[-19,-1],[-19,16],[-44,23]],[[7491,3121],[274,3],[552,6]],[[7624,11100],[259,-174],[29,10],[15,-10],[35,0],[58,8],[34,-5],[9,-17],[37,-5],[11,-20],[40,-2],[4,15],[34,5],[17,-16],[17,27]],[[8223,10916],[0,-333]],[[8223,10583],[1,-133]],[[8224,10450],[-20,44],[-23,7],[-34,28],[-20,4],[-47,-11],[-38,35],[-43,5],[-27,12],[-16,-22],[-13,4],[-38,-9],[-13,21],[-38,-7],[-15,13],[-22,-13],[-6,24],[-185,0]],[[7626,10585],[-60,0]],[[7566,10585],[1,333],[1,189],[10,11],[35,2],[11,-20]],[[6275,8849],[-1,-58],[-7,-355],[-3,-166]],[[5678,8271],[3,281],[4,298]],[[742,8158],[306,-1],[296,-1],[366,-1],[271,0]],[[1981,8155],[0,-152],[1,-161],[4,-136],[5,-662],[1,-213],[1,-78],[0,-139],[-10,0],[-1,-228]],[[1982,6386],[-72,-46]],[[1910,6340],[-7,45],[-17,13],[-7,18],[-48,-8],[-23,29],[-34,19],[-25,44],[-48,5],[7,21],[-24,-2],[-21,32],[-26,18],[-46,-15],[-12,20],[-27,22],[-29,-20],[-3,22],[-22,17],[-44,11],[-20,0],[1,36],[-12,5],[-11,26],[-32,13],[-11,20],[-42,25],[-13,30],[-17,0],[-20,24],[-28,6],[-29,51],[-4,39],[-24,38],[-24,17],[-18,2],[-7,21],[-70,28],[-36,37],[-37,3],[-13,42],[-11,5],[-47,59],[-39,55],[-31,6],[-14,26],[-28,0],[-17,36],[-7,33],[-19,1],[-31,29]],[[743,7344],[45,48],[-1,72],[-39,0],[0,29],[-3,328],[-3,337]],[[8228,9422],[0,178],[-1,407]],[[8227,10007],[398,-1],[196,-1]],[[8821,10005],[2,-305],[2,-278]],[[10071,8270],[-87,178],[-6,16]],[[9978,8464],[187,110],[191,3]],[[10356,8577],[1,-153]],[[3057,8155],[295,0],[454,0]],[[3806,8155],[-1,-462]],[[7027,10585],[1,-351],[0,-229]],[[7028,10005],[-267,1],[-331,-1]],[[6430,10005],[-1,310],[-1,267]],[[8224,11327],[78,-31],[11,9],[11,43],[-11,10],[3,30],[16,19],[30,-6],[-3,-13],[33,-26],[10,-18],[29,8],[65,-64],[4,-18],[31,-20],[-7,-36],[6,-36],[13,-3],[-1,-49],[9,-40],[48,-6],[33,-10],[45,13],[42,-18],[8,11],[27,-4],[14,19],[22,0],[8,-19],[25,12]],[[8823,11084],[0,-215],[-1,-286]],[[8822,10583],[-277,0],[-322,0]],[[8223,10916],[1,411]],[[5585,6937],[0,60],[0,315],[0,381]],[[6168,7568],[-1,-37]],[[6167,7531],[-4,-311],[-3,-284]],[[10582,7255],[-214,354]],[[10744,7818],[276,156],[120,-205]],[[11140,7769],[151,-247]],[[11291,7522],[-205,-122],[-343,-199]],[[9851,9483],[-6,-336],[-6,-252]],[[9839,8895],[-2,-63]],[[9837,8832],[-226,2],[-240,0]],[[9371,8834],[-116,3]],[[9255,9418],[171,-2],[0,73]],[[10623,10049],[187,-8],[317,-11]],[[11127,10030],[118,-4],[8,-10]],[[11253,10016],[-7,-273],[-5,-281]],[[11241,9462],[-214,3]],[[11027,9465],[-422,3]],[[10605,9468],[9,336],[9,245]],[[8214,6448],[-1,-279],[207,0]],[[8420,6169],[3,-282]],[[8423,5887],[-201,2],[-318,3]],[[7904,5892],[-139,-1],[-277,0]],[[6675,7753],[300,-4],[304,-1],[72,0]],[[7351,7748],[2,-140],[8,-7],[133,-2]],[[7494,7599],[-2,-239],[-2,-413]],[[7490,6947],[-153,1],[-302,-1],[-203,-1]],[[6832,6946],[-1,212],[-4,367],[-369,4],[-291,2]],[[9315,1887],[1,103],[-34,1],[0,20],[-43,-1],[0,-27],[-40,0],[0,26],[-143,-1],[-56,-4]],[[8994,2935],[348,0],[190,1]],[[9532,2936],[113,0]],[[9645,2936],[1,-249],[2,-488],[1,-316]],[[11257,6970],[-93,-48],[-182,-110]],[[11291,7522],[234,-399]],[[10050,2935],[-405,1]],[[9532,2936],[0,333],[-1,401]],[[9531,3670],[272,231]],[[9803,3901],[106,-128]],[[10698,5222],[215,-187],[-14,-20]],[[10899,5015],[-71,-63],[2,-97],[-43,-163]],[[10787,4692],[-241,-203],[-187,-160]],[[10359,4329],[-132,148]],[[4725,11791],[-270,1],[-323,0]],[[4132,11792],[0,274],[0,303]],[[5136,12369],[-1,-202],[-1,-375]],[[11090,4321],[-155,194],[-148,177]],[[10899,5015],[308,6]],[[11454,4533],[-217,-178],[-104,-88]],[[11140,7769],[245,141]],[[4622,11217],[103,0]],[[5224,11217],[3,-360],[2,-287]],[[5229,10570],[-181,0],[-426,1]],[[13529,6160],[83,-6],[51,2]],[[10787,756],[-4,49],[-14,65],[-16,14],[-19,52],[17,17],[53,-197]],[[10557,1006],[19,-59],[4,-26],[16,-48],[-7,-24],[37,-1],[36,-92]],[[9909,8179],[-232,-133]],[[9677,8046],[-50,83],[-87,-52],[-75,126],[-41,64],[-141,234]],[[9283,8501],[88,50],[0,283]],[[9837,8832],[69,-181],[8,-17],[64,-170]],[[11614,9232],[2,224]],[[11616,9456],[252,-1]],[[11868,9455],[0,-186]],[[5836,10001],[-4,323],[-4,254]],[[10403,3936],[-206,256],[143,121],[19,16]],[[9940,10097],[0,345],[1,215]],[[9941,10657],[11,-10],[36,-4],[46,-28],[35,-12],[37,11],[36,30],[1,19],[48,32],[-3,21],[35,3],[17,14],[22,40],[30,18],[44,-13],[51,-39],[-9,-42],[9,-22],[32,-5],[11,-3],[58,29],[19,-5]],[[10507,10691],[-1,-288],[-2,-350]],[[10504,10053],[-495,0]],[[4645,9424],[-297,0],[-241,1]],[[4107,9425],[1,105],[8,463]],[[11691,8630],[26,-35],[53,-5]],[[11181,8253],[-50,-29],[-67,112],[-101,172]],[[10963,8508],[0,374]],[[10963,8882],[55,-1]],[[11018,8881],[340,-2],[244,-2]],[[9433,10003],[-232,-1],[-146,0],[-234,3]],[[8821,10005],[1,177],[0,401]],[[8822,10583],[242,1],[366,1]],[[9430,10585],[0,-287],[2,-201]],[[7900,5605],[77,0],[-1,-219],[101,-1]],[[8077,5385],[0,-371]],[[8077,5014],[-171,-4],[-301,-1]],[[7605,5009],[8,11],[-26,41],[15,17],[-33,25],[0,16],[22,22],[5,27],[-16,46],[26,21],[-4,23],[-16,39],[13,37],[-4,18],[24,19],[15,170],[19,-1],[6,76],[57,-5],[0,-6],[184,0]],[[13984,7948],[22,-28],[6,-26],[-3,-41],[20,-38],[-4,-50],[12,-15],[1,-42],[7,-12]],[[7002,12946],[2,-406],[-1,-171]],[[7003,12369],[-141,0],[-355,0],[-131,-1]],[[6376,12368],[0,251],[0,327]],[[10356,8577],[-1,313]],[[10355,8890],[76,0]],[[10431,8890],[532,-8]],[[10963,8508],[-334,-84],[-112,-29],[-1,-11]],[[6377,14111],[150,1],[468,-1]],[[6995,14111],[0,-376],[0,-210]],[[6430,9439],[56,-7],[383,-2]],[[6869,9430],[-3,-304],[-2,-276]],[[6864,8850],[-141,0],[-288,4],[-160,-1]],[[4411,8268],[-3,2],[-301,0]],[[4107,8270],[0,328],[0,248]],[[4107,8846],[78,1],[439,0],[161,0],[301,1]],[[5086,8848],[0,-197],[0,-381]],[[5086,8270],[-87,0]],[[11868,9455],[3,299],[0,191]],[[11871,9945],[500,76]],[[6864,8850],[219,-1],[371,-2]],[[7454,8847],[-3,-138],[-1,-182],[-3,-263]],[[7447,8264],[-95,0]],[[7352,8264],[-103,-1],[-215,2],[-175,3]],[[6859,8268],[1,97],[4,485]],[[5836,10001],[-177,-1],[-418,-6]],[[5241,9994],[-7,326],[-5,250]],[[5229,10570],[246,3],[353,5]],[[4178,14113],[495,0],[468,0]],[[5141,14113],[0,-590]],[[5141,13523],[-353,1],[-293,-1],[-361,0]],[[4134,13523],[-1,349],[0,241],[45,0]],[[6679,8269],[180,-1]],[[7352,8264],[-1,-339],[0,-177]],[[9283,8501],[-125,-76],[-188,-105],[-115,-62]],[[8855,8258],[-223,2]],[[8632,8260],[2,226],[4,350]],[[3806,8155],[301,1],[0,114]],[[9430,10585],[0,327]],[[9430,10912],[14,23],[15,6],[3,35],[16,24],[20,11],[44,-9],[29,-21],[50,-7],[30,6],[35,-23],[36,-3],[16,11],[18,25],[18,17],[16,0],[7,-25],[15,-18],[-16,-31],[-17,-19],[5,-29],[35,-27],[-16,-24],[18,-28],[47,-12],[25,0],[55,16],[30,-23],[-17,-48],[4,-50],[-32,-18],[8,-14]],[[9839,8895],[169,-3],[184,0],[163,-2]],[[13373,8646],[-2,220]],[[8823,11084],[37,-39],[56,-24],[40,-11],[37,-4],[44,-23],[10,-15],[26,14],[50,-3],[49,41],[44,-9],[12,4],[26,-15],[19,-21],[0,-13],[27,-21],[37,-47],[21,-13],[49,26],[23,1]],[[7456,9426],[-1,-258],[-1,-321]],[[6869,9430],[157,0]],[[7027,10585],[539,0]],[[7626,10585],[3,-281],[3,-299]],[[5095,8848],[-9,0]],[[4107,8846],[-1,213],[1,366]],[[6832,6946],[-314,-6]],[[2062,8155],[86,-4],[21,5],[255,-1],[232,0],[350,0]],[[2917,6970],[-126,-78],[-220,-135],[-589,-371]],[[1981,8155],[81,0]],[[9696,4027],[26,-27],[81,-99]],[[9531,3670],[0,48],[-328,0],[-206,-2]],[[8992,4303],[1,212]],[[11027,9465],[-5,-278],[-4,-306]],[[10431,8890],[3,353],[4,228]],[[10438,9471],[167,-3]],[[10005,9480],[278,-6],[155,-3]],[[5827,11216],[-497,1]],[[5330,11793],[423,-1]],[[5753,11792],[181,0]],[[5934,11792],[-1,-415],[1,-161]],[[8224,10450],[3,-443]],[[8227,10007],[-377,-1],[-218,-1]],[[7002,12946],[184,0],[435,0]],[[7621,12946],[0,-260],[0,-318]],[[10504,10053],[119,-1],[0,-3]],[[7494,7599],[201,-3],[246,-1]],[[8078,7482],[0,-131],[0,-359],[-1,-45]],[[7447,8264],[396,-2],[107,1]],[[12841,8625],[-9,-34],[10,-39],[-10,-36],[-15,-14],[3,-21],[-17,-7],[-4,-21],[27,-31],[-20,-66],[23,-22]],[[5141,14113],[150,0],[236,-1],[232,0]],[[8299,3707],[-282,4],[-252,1],[-44,4],[-230,1]],[[7494,4298],[219,1],[67,2],[203,0],[311,3]],[[8077,5014],[219,0]],[[8296,5014],[-1,-164],[1,-213],[-1,-288],[-1,-45]],[[7494,4298],[-1,470],[0,240]],[[7493,5008],[112,1]],[[8990,5098],[-138,-170],[-35,-3],[-19,-11],[-12,16],[-3,27],[13,38],[-9,14],[-320,3],[-171,2]],[[8077,5385],[372,-5],[117,-12],[80,-39],[217,-111]],[[8863,5218],[159,-81]],[[4133,12950],[1,155],[0,418]],[[8423,5887],[0,-202],[437,5]],[[8860,5690],[0,-197],[3,-275]],[[7900,5605],[4,287]],[[6819,5009],[143,0],[229,0],[302,-1]],[[6856,4295],[-8,20],[-20,21],[-21,6],[-32,25],[-2,15],[-19,8],[-22,23],[11,16],[-10,32],[-23,42]],[[7002,13525],[199,-1],[420,0]],[[7621,13524],[0,-231],[0,-347]],[[11034,5575],[-94,-100],[-240,-250]],[[10022,6923],[-195,325],[-118,197]],[[9709,7445],[209,121],[265,155]],[[7625,11544],[29,3],[30,22],[27,-12],[40,-28],[39,-49],[10,-7],[25,-11],[10,-29],[23,-30],[33,-21],[13,-22],[43,-24],[4,-16],[21,-17],[37,-6],[16,12],[28,-12],[27,2],[18,21],[5,34],[21,1],[71,-10],[29,-18]],[[7624,11100],[0,115]],[[14454,8414],[0,-260],[29,-13],[3,-12]],[[14486,8129],[-317,-6],[-252,-3]],[[14454,8674],[0,-260]],[[13182,9496],[-24,-68],[-156,1]],[[8044,8262],[1,234],[2,340]],[[8047,8836],[20,0]],[[8632,8260],[-88,0]],[[5760,12369],[-2,-251],[-5,-326]],[[8821,1252],[-1,197],[1,203],[0,240]],[[8047,8836],[-1,8],[-273,0],[-319,3]],[[7634,9426],[433,-4]],[[9149,7758],[-132,225],[-162,275]],[[9677,8046],[59,-101],[-352,-209]],[[11871,9945],[-103,-15],[0,75]],[[11768,10005],[3,266],[3,169]],[[11774,10440],[11,-12],[9,-33],[28,-5],[19,9],[13,20],[3,33],[12,40],[38,3],[40,-26],[33,5],[25,12],[18,37],[-3,38],[19,2],[1,25],[28,3],[27,-13],[0,23],[58,-15],[34,5],[24,14],[66,14],[17,31],[92,-59]],[[11253,10016],[206,-6],[309,-5]],[[11616,9456],[-375,6]],[[6995,14111],[243,0],[379,1],[4,0],[0,-300],[0,-288]],[[743,7344],[-9,7],[-79,6],[-44,35],[-23,2],[-31,18],[-24,24],[-26,9],[-19,23],[-6,27],[-14,17],[-9,32],[-41,32],[-9,32],[-22,57],[-31,45],[-17,43],[-28,24],[-8,23],[-42,27],[-38,16],[-25,-18],[-19,-3],[-45,46],[-21,32],[-35,4],[-32,23],[4,15],[-39,36],[7,23],[-18,15],[25,40],[-1,47],[-17,26],[24,26],[277,1],[288,2],[146,0]],[[8665,7441],[-11,-15],[-19,25],[-19,-5],[-33,4],[-22,-17],[-9,21],[-16,-4]],[[8663,6753],[-450,-1]],[[10507,10691],[27,-16],[11,-16],[0,-27],[-13,-39],[11,-17],[30,-13],[62,1],[16,14],[22,42],[29,6],[10,26],[40,-37],[25,22],[3,34],[23,19],[18,1],[35,-31],[15,-60],[-17,-21],[-25,-12],[-2,-25],[17,-28],[21,-59],[26,-21],[27,-6],[33,14],[13,22],[1,28],[-11,44],[18,19],[35,6],[-11,25],[-29,5],[-5,18],[22,9],[26,-28],[28,9],[28,33],[15,26],[-13,55],[26,5],[32,17]],[[11126,10735],[0,-200],[1,-254],[0,-251]],[[7002,11792],[-464,1]],[[6538,11793],[-167,0]],[[6371,11793],[4,369],[1,206]],[[8809,6727],[1,-286],[0,-274]],[[8810,6167],[-42,-1],[-348,3]],[[8574,968],[-10,65],[-25,48],[-11,49],[1,41],[-36,28],[-2,56],[-23,36],[-7,37],[-31,29],[-25,1],[-14,18],[8,36],[-17,21],[-34,9],[-25,20],[-5,26],[18,13],[-30,31],[-14,26],[-22,-7],[-13,15],[0,27],[-7,25],[20,21],[5,22],[-13,14],[13,28],[-9,37],[14,29],[-8,46],[-14,16],[4,35],[-14,20]],[[9237,6169],[-182,-2],[-245,0]],[[5934,11792],[98,1],[213,-1],[126,1]],[[6538,11793],[-1,-349],[0,-227]],[[9709,7445],[-104,-63]],[[11534,10663],[-10,-26],[-36,-30],[7,-14],[57,-30],[53,2],[13,-43],[18,-21],[47,4],[12,8],[30,-7],[10,-24],[39,-42]],[[11126,10735],[11,7],[15,7],[19,-16],[7,-18],[4,-50],[15,-37],[19,-20],[28,0],[11,29],[43,-8],[17,-15],[12,-40],[9,-4],[56,10],[25,24],[10,32],[1,29],[9,21],[16,6],[36,-29],[45,0]],[[9241,5691],[-211,-1],[-170,0]],[[5585,8270],[-223,0],[-276,0]],[[4982,6945],[1,54],[-8,94],[-6,234],[-4,201],[-2,165]],[[4998,7693],[342,1],[245,-1]],[[5760,12369],[284,-2],[332,1]],[[7143,11218],[-115,0]],[[14486,8129],[38,-54],[9,-24],[24,-15],[27,2],[8,-12],[29,-11],[-5,-19],[22,-24],[3,-24],[6,-29],[40,-29],[6,-22],[13,-11],[-15,-35],[26,-30],[-4,-23],[26,-9],[-12,-21],[-25,-25],[12,-46],[-3,-21],[-24,-23],[6,-17]],[[13180,8910],[-13,-35],[-12,15],[-16,-12],[-20,18],[-36,1],[-18,20],[-23,-2],[-67,40],[-34,3],[-23,-11],[-43,14],[-57,-4],[-48,19],[-15,31],[-81,57]],[[4130,11217],[1,198],[1,377]]],"transform":{"scale":[0.0008718953171703755,0.00075536690237948],"translate":[-106.645296,25.840117]},"objects":{"48":{"type":"GeometryCollection","geometries":[{"arcs":[[[0,1]],[[2,3,4]],[[5,6]],[[7,8,9,10]]],"type":"MultiPolygon","properties":{"STATEFP":"48","COUNTYFP":"355","COUNTYNS":"01383963","GEOIDFQ":"0500000US48355","GEOID":"48355","NAME":"Nueces","NAMELSAD":"Nueces County","STUSPS":"TX","STATE_NAME":"Texas","LSAD":"06","ALAND":2173969055,"AWATER":844853520},"id":"48355"},{"arcs":[[11,12,13,14,15]],"type":"Polygon","properties":{"STATEFP":"48","COUNTYFP":"115","COUNTYNS":"01383843","GEOIDFQ":"0500000US48115","GEOID":"48115","NAME":"Dawson","NAMELSAD":"Dawson County","STUSPS":"TX","STATE_NAME":"Texas","LSAD":"06","ALAND":2331789617,"AWATER":4712668},"id":"48115"},{"arcs":[[16,17,18,19,20,21]],"type":"Polygon","properties":{"STATEFP":"48","COUNTYFP":"287","COUNTYNS":"01383929","GEOIDFQ":"0500000US48287","GEOID":"48287","NAME":"Lee","NAMELSAD":"Lee County","STUSPS":"TX","STATE_NAME":"Texas","LSAD":"06","ALAND":1629251863,"AWATER":13075439},"id":"48287"},{"arcs":[[22,23,24,25,26,27]],"type":"Polygon","properties":{"STATEFP":"48","COUNTYFP":"257","COUNTYNS":"01383914","GEOIDFQ":"0500000US48257","GEOID":"48257","NAME":"Kaufman","NAMELSAD":"Kaufman County","STUSPS":"TX","STATE_NAME":"Texas","LSAD":"06","ALAND":2022040603,"AWATER":69411618},"id":"48257"},{"arcs":[[28,29,30,31,32]],"type":"Polygon","properties":{"STATEFP":"48","COUNTYFP":"403","COUNTYNS":"01383987","GEOIDFQ":"0500000US48403","GEOID":"48403","NAME":"Sabine","NAMELSAD":"Sabine County","STUSPS":"TX","STATE_NAME":"Texas","LSAD":"06","ALAND":1273523418,"AWATER":219936061},"id":"48403"},{"arcs":[[33,34,35,36]],"type":"Polygon","properties":{"STATEFP":"48","COUNTYFP":"233","COUNTYNS":"01383902","GEOIDFQ":"0500000US48233","GEOID":"48233","NAME":"Hutchinson","NAMELSAD":"Hutchinson County","STUSPS":"TX","STATE_NAME":"Texas","LSAD":"06","ALAND":2298449955,"AWATER":19465689},"id":"48233"},{"arcs":[[37,38,39,40,41,42]],"type":"Polygon","properties":{"STATEFP":"48","COUNTYFP":"469","COUNTYNS":"01384020","GEOIDFQ":"0500000US48469","GEOID":"48469","NAME":"Victoria","NAMELSAD":"Victoria County","STUSPS":"TX","STATE_NAME":"Texas","LSAD":"06","ALAND":2284593992,"AWATER":17476842},"id":"48469"},{"arcs":[[43,44,45,46,47,48]],"type":"Polygon","properties":{"STATEFP":"48","COUNTYFP":"055","COUNTYNS":"01383813","GEOIDFQ":"0500000US48055","GEOID":"48055","NAME":"Caldwell","NAMELSAD":"Caldwell County","STUSPS":"TX","STATE_NAME":"Texas","LSAD":"06","ALAND":1410360828,"AWATER":4944168},"id":"48055"},{"arcs":[[-14,49,50,51,52,53]],"type":"Polygon","properties":{"STATEFP":"48","COUNTYFP":"033","COUNTYNS":"01383802","GEOIDFQ":"0500000US48033","GEOID":"48033","NAME":"Borden","NAMELSAD":"Borden County","STUSPS":"TX","STATE_NAME":"Texas","LSAD":"06","ALAND":2324366073,"AWATER":22297606},"id":"48033"},{"arcs":[[-5,54,-8,55,56,57,58,59]],"type":"Polygon","properties":{"STATEFP":"48","COUNTYFP":"409","COUNTYNS":"01383990","GEOIDFQ":"0500000US48409","GEOID":"48409","NAME":"San Patricio","NAMELSAD":"San Patricio County","STUSPS":"TX","STATE_NAME":"Texas","LSAD":"06","ALAND":1795689764,"AWATER":37536082},"id":"48409"},{"arcs":[[60,61,62,63,64]],"type":"Polygon","properties":{"STATEFP":"48","COUNTYFP":"075","COUNTYNS":"01383823","GEOIDFQ":"0500000US48075","GEOID":"48075","NAME":"Childress","NAMELSAD":"Childress County","STUSPS":"TX","STATE_NAME":"Texas","LSAD":"06","ALAND":1803954631,"AWATER":44560655},"id":"48075"},{"arcs":[[65,66,67,68,69]],"type":"Polygon","properties":{"STATEFP":"48","COUNTYFP":"435","COUNTYNS":"01384003","GEOIDFQ":"0500000US48435","GEOID":"48435","NAME":"Sutton","NAMELSAD":"Sutton County","STUSPS":"TX","STATE_NAME":"Texas","LSAD":"06","ALAND":3765674769,"AWATER":1277066},"id":"48435"},{"arcs":[[-44,70,71,72,73,74]],"type":"Polygon","properties":{"STATEFP":"48","COUNTYFP":"453","COUNTYNS":"01384012","GEOIDFQ":"0500000US48453","GEOID":"48453","NAME":"Travis","NAMELSAD":"Travis County","STUSPS":"TX","STATE_NAME":"Texas","LSAD":"06","ALAND":2575299639,"AWATER":79506870},"id":"48453"},{"arcs":[[-58,75,76,77,78]],"type":"Polygon","properties":{"STATEFP":"48","COUNTYFP":"025","COUNTYNS":"01383798","GEOIDFQ":"0500000US48025","GEOID":"48025","NAME":"Bee","NAMELSAD":"Bee County","STUSPS":"TX","STATE_NAME":"Texas","LSAD":"06","ALAND":2279809495,"AWATER":246409},"id":"48025"},{"arcs":[[79,80,81,82,83,84]],"type":"Polygon","properties":{"STATEFP":"48","COUNTYFP":"199","COUNTYNS":"01383885","GEOIDFQ":"0500000US48199","GEOID":"48199","NAME":"Hardin","NAMELSAD":"Hardin County","STUSPS":"TX","STATE_NAME":"Texas","LSAD":"06","ALAND":2306585576,"AWATER":17997152},"id":"48199"},{"arcs":[[85,86,87,88,89]],"type":"Polygon","properties":{"STATEFP":"48","COUNTYFP":"063","COUNTYNS":"01383817","GEOIDFQ":"0500000US48063","GEOID":"48063","NAME":"Camp","NAMELSAD":"Camp County","STUSPS":"TX","STATE_NAME":"Texas","LSAD":"06","ALAND":507243984,"AWATER":19127754},"id":"48063"},{"arcs":[[-51,90,91,92,93]],"type":"Polygon","properties":{"STATEFP":"48","COUNTYFP":"169","COUNTYNS":"01383870","GEOIDFQ":"0500000US48169","GEOID":"48169","NAME":"Garza","NAMELSAD":"Garza County","STUSPS":"TX","STATE_NAME":"Texas","LSAD":"06","ALAND":2313937122,"AWATER":7209242},"id":"48169"},{"arcs":[[-70,94,95,96,97,98,99,100,101]],"type":"Polygon","properties":{"STATEFP":"48","COUNTYFP":"105","COUNTYNS":"01383838","GEOIDFQ":"0500000US48105","GEOID":"48105","NAME":"Crockett","NAMELSAD":"Crockett County","STUSPS":"TX","STATE_NAME":"Texas","LSAD":"06","ALAND":7270935060,"AWATER":53329},"id":"48105"},{"arcs":[[-81,102,103,104]],"type":"Polygon","properties":{"STATEFP":"48","COUNTYFP":"457","COUNTYNS":"01384014","GEOIDFQ":"0500000US48457","GEOID":"48457","NAME":"Tyler","NAMELSAD":"Tyler County","STUSPS":"TX","STATE_NAME":"Texas","LSAD":"06","ALAND":2394158677,"AWATER":29093514},"id":"48457"},{"arcs":[[-37,105,106,107,108,109]],"type":"Polygon","properties":{"STATEFP":"48","COUNTYFP":"341","COUNTYNS":"01383956","GEOIDFQ":"0500000US48341","GEOID":"48341","NAME":"Moore","NAMELSAD":"Moore County","STUSPS":"TX","STATE_NAME":"Texas","LSAD":"06","ALAND":2330207193,"AWATER":25699789},"id":"48341"},{"arcs":[[110,111,112,113,114]],"type":"Polygon","properties":{"STATEFP":"48","COUNTYFP":"333","COUNTYNS":"01383952","GEOIDFQ":"0500000US48333","GEOID":"48333","NAME":"Mills","NAMELSAD":"Mills County","STUSPS":"TX","STATE_NAME":"Texas","LSAD":"06","ALAND":1937892796,"AWATER":4023558},"id":"48333"},{"arcs":[[115,116,117,118,119]],"type":"Polygon","properties":{"STATEFP":"48","COUNTYFP":"089","COUNTYNS":"01383830","GEOIDFQ":"0500000US48089","GEOID":"48089","NAME":"Colorado","NAMELSAD":"Colorado County","STUSPS":"TX","STATE_NAME":"Texas","LSAD":"06","ALAND":2487142720,"AWATER":34691167},"id":"48089"},{"arcs":[[120,121,122,123,124,125,126]],"type":"Polygon","properties":{"STATEFP":"48","COUNTYFP":"047","COUNTYNS":"01383809","GEOIDFQ":"0500000US48047","GEOID":"48047","NAME":"Brooks","NAMELSAD":"Brooks County","STUSPS":"TX","STATE_NAME":"Texas","LSAD":"06","ALAND":2443277006,"AWATER":741627},"id":"48047"},{"arcs":[[127,128,129,130,131]],"type":"Polygon","properties":{"STATEFP":"48","COUNTYFP":"327","COUNTYNS":"01383949","GEOIDFQ":"0500000US48327","GEOID":"48327","NAME":"Menard","NAMELSAD":"Menard County","STUSPS":"TX","STATE_NAME":"Texas","LSAD":"06","ALAND":2336237979,"AWATER":613559},"id":"48327"},{"arcs":[[-107,132,133,134]],"type":"Polygon","properties":{"STATEFP":"48","COUNTYFP":"375","COUNTYNS":"01383973","GEOIDFQ":"0500000US48375","GEOID":"48375","NAME":"Potter","NAMELSAD":"Potter County","STUSPS":"TX","STATE_NAME":"Texas","LSAD":"06","ALAND":2352746400,"AWATER":35162457},"id":"48375"},{"arcs":[[-35,135,136,137,138,139,140]],"type":"Polygon","properties":{"STATEFP":"48","COUNTYFP":"393","COUNTYNS":"01383982","GEOIDFQ":"0500000US48393","GEOID":"48393","NAME":"Roberts","NAMELSAD":"Roberts County","STUSPS":"TX","STATE_NAME":"Texas","LSAD":"06","ALAND":2393298443,"AWATER":346846},"id":"48393"},{"arcs":[[-25,141,142,143,144,145]],"type":"Polygon","properties":{"STATEFP":"48","COUNTYFP":"467","COUNTYNS":"01384019","GEOIDFQ":"0500000US48467","GEOID":"48467","NAME":"Van Zandt","NAMELSAD":"Van Zandt County","STUSPS":"TX","STATE_NAME":"Texas","LSAD":"06","ALAND":2182254952,"AWATER":44145126},"id":"48467"},{"arcs":[[146,147,148,149,150,151]],"type":"Polygon","properties":{"STATEFP":"48","COUNTYFP":"083","COUNTYNS":"01383827","GEOIDFQ":"0500000US48083","GEOID":"48083","NAME":"Coleman","NAMELSAD":"Coleman County","STUSPS":"TX","STATE_NAME":"Texas","LSAD":"06","ALAND":3271088264,"AWATER":47808289},"id":"48083"},{"arcs":[[152,153,154,155]],"type":"Polygon","properties":{"STATEFP":"48","COUNTYFP":"067","COUNTYNS":"01383819","GEOIDFQ":"0500000US48067","GEOID":"48067","NAME":"Cass","NAMELSAD":"Cass County","STUSPS":"TX","STATE_NAME":"Texas","LSAD":"06","ALAND":2426682339,"AWATER":60495293},"id":"48067"},{"arcs":[[156,157,158,159,160]],"type":"Polygon","properties":{"STATEFP":"48","COUNTYFP":"349","COUNTYNS":"01383960","GEOIDFQ":"0500000US48349","GEOID":"48349","NAME":"Navarro","NAMELSAD":"Navarro County","STUSPS":"TX","STATE_NAME":"Texas","LSAD":"06","ALAND":2615116310,"AWATER":197615408},"id":"48349"},{"arcs":[[[-41,161,162,163,164,165,166]],[[167,168]]],"type":"MultiPolygon","properties":{"STATEFP":"48","COUNTYFP":"057","COUNTYNS":"01383814","GEOIDFQ":"0500000US48057","GEOID":"48057","NAME":"Calhoun","NAMELSAD":"Calhoun County","STUSPS":"TX","STATE_NAME":"Texas","LSAD":"06","ALAND":1312958751,"AWATER":1361633026},"id":"48057"},{"arcs":[[169,170,171,172,173]],"type":"Polygon","properties":{"STATEFP":"48","COUNTYFP":"493","COUNTYNS":"01384032","GEOIDFQ":"0500000US48493","GEOID":"48493","NAME":"Wilson","NAMELSAD":"Wilson County","STUSPS":"TX","STATE_NAME":"Texas","LSAD":"06","ALAND":2081664824,"AWATER":12109332},"id":"48493"},{"arcs":[[-143,174,175,176]],"type":"Polygon","properties":{"STATEFP":"48","COUNTYFP":"379","COUNTYNS":"01383975","GEOIDFQ":"0500000US48379","GEOID":"48379","NAME":"Rains","NAMELSAD":"Rains County","STUSPS":"TX","STATE_NAME":"Texas","LSAD":"06","ALAND":594380956,"AWATER":75979606},"id":"48379"},{"arcs":[[-104,177,178,179,180,181,182,183]],"type":"Polygon","properties":{"STATEFP":"48","COUNTYFP":"005","COUNTYNS":"01383788","GEOIDFQ":"0500000US48005","GEOID":"48005","NAME":"Angelina","NAMELSAD":"Angelina County","STUSPS":"TX","STATE_NAME":"Texas","LSAD":"06","ALAND":2066465877,"AWATER":173295025},"id":"48005"},{"arcs":[[184,185,186,187,188,189]],"type":"Polygon","properties":{"STATEFP":"48","COUNTYFP":"431","COUNTYNS":"01384001","GEOIDFQ":"0500000US48431","GEOID":"48431","NAME":"Sterling","NAMELSAD":"Sterling County","STUSPS":"TX","STATE_NAME":"Texas","LSAD":"06","ALAND":2391722769,"AWATER":167451},"id":"48431"},{"arcs":[[190,191,192,193]],"type":"Polygon","properties":{"STATEFP":"48","COUNTYFP":"277","COUNTYNS":"01383925","GEOIDFQ":"0500000US48277","GEOID":"48277","NAME":"Lamar","NAMELSAD":"Lamar County","STUSPS":"TX","STATE_NAME":"Texas","LSAD":"06","ALAND":2349985892,"AWATER":66739466},"id":"48277"},{"arcs":[[-69,194,195,196,197,-95]],"type":"Polygon","properties":{"STATEFP":"48","COUNTYFP":"465","COUNTYNS":"01384018","GEOIDFQ":"0500000US48465","GEOID":"48465","NAME":"Val Verde","NAMELSAD":"Val Verde County","STUSPS":"TX","STATE_NAME":"Texas","LSAD":"06","ALAND":8144864531,"AWATER":227710450},"id":"48465"},{"arcs":[[-43,198,-78,199,200]],"type":"Polygon","properties":{"STATEFP":"48","COUNTYFP":"175","COUNTYNS":"01383873","GEOIDFQ":"0500000US48175","GEOID":"48175","NAME":"Goliad","NAMELSAD":"Goliad County","STUSPS":"TX","STATE_NAME":"Texas","LSAD":"06","ALAND":2206698615,"AWATER":19050015},"id":"48175"},{"arcs":[[201,202,203,204,205,206,207]],"type":"Polygon","properties":{"STATEFP":"48","COUNTYFP":"237","COUNTYNS":"01383904","GEOIDFQ":"0500000US48237","GEOID":"48237","NAME":"Jack","NAMELSAD":"Jack County","STUSPS":"TX","STATE_NAME":"Texas","LSAD":"06","ALAND":2359405663,"AWATER":23704611},"id":"48237"},{"arcs":[[208,209,210,211,212,213]],"type":"Polygon","properties":{"STATEFP":"48","COUNTYFP":"039","COUNTYNS":"01383805","GEOIDFQ":"0500000US48039","GEOID":"48039","NAME":"Brazoria","NAMELSAD":"Brazoria County","STUSPS":"TX","STATE_NAME":"Texas","LSAD":"06","ALAND":3530976528,"AWATER":635433867},"id":"48039"},{"arcs":[[-88,214,215,216,-156,217,218]],"type":"Polygon","properties":{"STATEFP":"48","COUNTYFP":"343","COUNTYNS":"01383957","GEOIDFQ":"0500000US48343","GEOID":"48343","NAME":"Morris","NAMELSAD":"Morris County","STUSPS":"TX","STATE_NAME":"Texas","LSAD":"06","ALAND":652649022,"AWATER":17382447},"id":"48343"},{"arcs":[[-22,219,-74,220,221,222]],"type":"Polygon","properties":{"STATEFP":"48","COUNTYFP":"491","COUNTYNS":"01384031","GEOIDFQ":"0500000US48491","GEOID":"48491","NAME":"Williamson","NAMELSAD":"Williamson County","STUSPS":"TX","STATE_NAME":"Texas","LSAD":"06","ALAND":2890087931,"AWATER":41476798},"id":"48491"},{"arcs":[[-179,223,224,225,226]],"type":"Polygon","properties":{"STATEFP":"48","COUNTYFP":"455","COUNTYNS":"01384013","GEOIDFQ":"0500000US48455","GEOID":"48455","NAME":"Trinity","NAMELSAD":"Trinity County","STUSPS":"TX","STATE_NAME":"Texas","LSAD":"06","ALAND":1797080060,"AWATER":52101459},"id":"48455"},{"arcs":[[-180,-227,227,228,229,230,231]],"type":"Polygon","properties":{"STATEFP":"48","COUNTYFP":"225","COUNTYNS":"01383898","GEOIDFQ":"0500000US48225","GEOID":"48225","NAME":"Houston","NAMELSAD":"Houston County","STUSPS":"TX","STATE_NAME":"Texas","LSAD":"06","ALAND":3188268198,"AWATER":14446047},"id":"48225"},{"arcs":[[-226,232,233,234,235,-228]],"type":"Polygon","properties":{"STATEFP":"48","COUNTYFP":"471","COUNTYNS":"01384021","GEOIDFQ":"0500000US48471","GEOID":"48471","NAME":"Walker","NAMELSAD":"Walker County","STUSPS":"TX","STATE_NAME":"Texas","LSAD":"06","ALAND":2031140296,"AWATER":44731778},"id":"48471"},{"arcs":[[-155,236,237,238,-218]],"type":"Polygon","properties":{"STATEFP":"48","COUNTYFP":"315","COUNTYNS":"01383940","GEOIDFQ":"0500000US48315","GEOID":"48315","NAME":"Marion","NAMELSAD":"Marion County","STUSPS":"TX","STATE_NAME":"Texas","LSAD":"06","ALAND":986530319,"AWATER":102099491},"id":"48315"},{"arcs":[[-73,239,240,241,242,243,-221]],"type":"Polygon","properties":{"STATEFP":"48","COUNTYFP":"053","COUNTYNS":"01383812","GEOIDFQ":"0500000US48053","GEOID":"48053","NAME":"Burnet","NAMELSAD":"Burnet County","STUSPS":"TX","STATE_NAME":"Texas","LSAD":"06","ALAND":2576636841,"AWATER":69745131},"id":"48053"},{"arcs":[[-32,244,245,-82,-105,-184,246]],"type":"Polygon","properties":{"STATEFP":"48","COUNTYFP":"241","COUNTYNS":"01383906","GEOIDFQ":"0500000US48241","GEOID":"48241","NAME":"Jasper","NAMELSAD":"Jasper County","STUSPS":"TX","STATE_NAME":"Texas","LSAD":"06","ALAND":2431105357,"AWATER":80399907},"id":"48241"},{"arcs":[[-231,247,248,249,250]],"type":"Polygon","properties":{"STATEFP":"48","COUNTYFP":"001","COUNTYNS":"01383786","GEOIDFQ":"0500000US48001","GEOID":"48001","NAME":"Anderson","NAMELSAD":"Anderson County","STUSPS":"TX","STATE_NAME":"Texas","LSAD":"06","ALAND":2752164822,"AWATER":39845046},"id":"48001"},{"arcs":[[[251,252]],[[253,254,255]]],"type":"MultiPolygon","properties":{"STATEFP":"48","COUNTYFP":"061","COUNTYNS":"01383816","GEOIDFQ":"0500000US48061","GEOID":"48061","NAME":"Cameron","NAMELSAD":"Cameron County","STUSPS":"TX","STATE_NAME":"Texas","LSAD":"06","ALAND":2309547317,"AWATER":1004825171},"id":"48061"},{"arcs":[[-234,256,257,258,259,260]],"type":"Polygon","properties":{"STATEFP":"48","COUNTYFP":"339","COUNTYNS":"01383955","GEOIDFQ":"0500000US48339","GEOID":"48339","NAME":"Montgomery","NAMELSAD":"Montgomery County","STUSPS":"TX","STATE_NAME":"Texas","LSAD":"06","ALAND":2699229368,"AWATER":89891734},"id":"48339"},{"arcs":[[261,262,263,264,265,266]],"type":"Polygon","properties":{"STATEFP":"48","COUNTYFP":"417","COUNTYNS":"01383994","GEOIDFQ":"0500000US48417","GEOID":"48417","NAME":"Shackelford","NAMELSAD":"Shackelford County","STUSPS":"TX","STATE_NAME":"Texas","LSAD":"06","ALAND":2367989252,"AWATER":3268209},"id":"48417"},{"arcs":[[-260,267,268,269,270,271]],"type":"Polygon","properties":{"STATEFP":"48","COUNTYFP":"473","COUNTYNS":"01384022","GEOIDFQ":"0500000US48473","GEOID":"48473","NAME":"Waller","NAMELSAD":"Waller County","STUSPS":"TX","STATE_NAME":"Texas","LSAD":"06","ALAND":1329553604,"AWATER":11827973},"id":"48473"},{"arcs":[[-97,272,273,274,275,276,277]],"type":"Polygon","properties":{"STATEFP":"48","COUNTYFP":"371","COUNTYNS":"01383971","GEOIDFQ":"0500000US48371","GEOID":"48371","NAME":"Pecos","NAMELSAD":"Pecos County","STUSPS":"TX","STATE_NAME":"Texas","LSAD":"06","ALAND":12338274929,"AWATER":2532275},"id":"48371"},{"arcs":[[-274,278,279,280,281]],"type":"Polygon","properties":{"STATEFP":"48","COUNTYFP":"043","COUNTYNS":"01383807","GEOIDFQ":"0500000US48043","GEOID":"48043","NAME":"Brewster","NAMELSAD":"Brewster County","STUSPS":"TX","STATE_NAME":"Texas","LSAD":"06","ALAND":16015872745,"AWATER":22061017},"id":"48043"},{"arcs":[[282,283,284,285,286]],"type":"Polygon","properties":{"STATEFP":"48","COUNTYFP":"079","COUNTYNS":"01383825","GEOIDFQ":"0500000US48079","GEOID":"48079","NAME":"Cochran","NAMELSAD":"Cochran County","STUSPS":"TX","STATE_NAME":"Texas","LSAD":"06","ALAND":2007453828,"AWATER":229068},"id":"48079"},{"arcs":[[-229,-236,287,288,289]],"type":"Polygon","properties":{"STATEFP":"48","COUNTYFP":"313","COUNTYNS":"01383939","GEOIDFQ":"0500000US48313","GEOID":"48313","NAME":"Madison","NAMELSAD":"Madison County","STUSPS":"TX","STATE_NAME":"Texas","LSAD":"06","ALAND":1207234712,"AWATER":16361999},"id":"48313"},{"arcs":[[-225,290,291,-257,-233]],"type":"Polygon","properties":{"STATEFP":"48","COUNTYFP":"407","COUNTYNS":"01383989","GEOIDFQ":"0500000US48407","GEOID":"48407","NAME":"San Jacinto","NAMELSAD":"San Jacinto County","STUSPS":"TX","STATE_NAME":"Texas","LSAD":"06","ALAND":1474335739,"AWATER":151945758},"id":"48407"},{"arcs":[[-89,-219,-239,292,293,294,295]],"type":"Polygon","properties":{"STATEFP":"48","COUNTYFP":"459","COUNTYNS":"01384015","GEOIDFQ":"0500000US48459","GEOID":"48459","NAME":"Upshur","NAMELSAD":"Upshur County","STUSPS":"TX","STATE_NAME":"Texas","LSAD":"06","ALAND":1509910856,"AWATER":24878112},"id":"48459"},{"arcs":[[296,297,298,299,300,301]],"type":"Polygon","properties":{"STATEFP":"48","COUNTYFP":"395","COUNTYNS":"01383983","GEOIDFQ":"0500000US48395","GEOID":"48395","NAME":"Robertson","NAMELSAD":"Robertson County","STUSPS":"TX","STATE_NAME":"Texas","LSAD":"06","ALAND":2214840335,"AWATER":27332985},"id":"48395"},{"arcs":[[-126,302,303,304,305]],"type":"Polygon","properties":{"STATEFP":"48","COUNTYFP":"427","COUNTYNS":"01383999","GEOIDFQ":"0500000US48427","GEOID":"48427","NAME":"Starr","NAMELSAD":"Starr County","STUSPS":"TX","STATE_NAME":"Texas","LSAD":"06","ALAND":3168019241,"AWATER":15386853},"id":"48427"},{"arcs":[[306,307,308,309,310]],"type":"Polygon","properties":{"STATEFP":"48","COUNTYFP":"153","COUNTYNS":"01383862","GEOIDFQ":"0500000US48153","GEOID":"48153","NAME":"Floyd","NAMELSAD":"Floyd County","STUSPS":"TX","STATE_NAME":"Texas","LSAD":"06","ALAND":2569637283,"AWATER":983737},"id":"48153"},{"arcs":[[-193,311,312,313,314,315]],"type":"Polygon","properties":{"STATEFP":"48","COUNTYFP":"119","COUNTYNS":"01383846","GEOIDFQ":"0500000US48119","GEOID":"48119","NAME":"Delta","NAMELSAD":"Delta County","STUSPS":"TX","STATE_NAME":"Texas","LSAD":"06","ALAND":665192723,"AWATER":54647564},"id":"48119"},{"arcs":[[-264,316,317,318,319]],"type":"Polygon","properties":{"STATEFP":"48","COUNTYFP":"429","COUNTYNS":"01384000","GEOIDFQ":"0500000US48429","GEOID":"48429","NAME":"Stephens","NAMELSAD":"Stephens County","STUSPS":"TX","STATE_NAME":"Texas","LSAD":"06","ALAND":2322497202,"AWATER":64147705},"id":"48429"},{"arcs":[[320,321,322,323,324]],"type":"Polygon","properties":{"STATEFP":"48","COUNTYFP":"433","COUNTYNS":"01384002","GEOIDFQ":"0500000US48433","GEOID":"48433","NAME":"Stonewall","NAMELSAD":"Stonewall County","STUSPS":"TX","STATE_NAME":"Texas","LSAD":"06","ALAND":2373238696,"AWATER":10177387},"id":"48433"},{"arcs":[[-222,-244,325,326,327,328,329]],"type":"Polygon","properties":{"STATEFP":"48","COUNTYFP":"027","COUNTYNS":"01383799","GEOIDFQ":"0500000US48027","GEOID":"48027","NAME":"Bell","NAMELSAD":"Bell County","STUSPS":"TX","STATE_NAME":"Texas","LSAD":"06","ALAND":2729422873,"AWATER":94370903},"id":"48027"},{"arcs":[[[-124,330,331,332,333]],[[334,335]]],"type":"MultiPolygon","properties":{"STATEFP":"48","COUNTYFP":"261","COUNTYNS":"01383916","GEOIDFQ":"0500000US48261","GEOID":"48261","NAME":"Kenedy","NAMELSAD":"Kenedy County","STUSPS":"TX","STATE_NAME":"Texas","LSAD":"06","ALAND":3777657846,"AWATER":1261927309},"id":"48261"},{"arcs":[[-33,-247,-183,336,337]],"type":"Polygon","properties":{"STATEFP":"48","COUNTYFP":"405","COUNTYNS":"01383988","GEOIDFQ":"0500000US48405","GEOID":"48405","NAME":"San Augustine","NAMELSAD":"San Augustine County","STUSPS":"TX","STATE_NAME":"Texas","LSAD":"06","ALAND":1374400363,"AWATER":159644689},"id":"48405"},{"arcs":[[-96,-198,338,-279,-273]],"type":"Polygon","properties":{"STATEFP":"48","COUNTYFP":"443","COUNTYNS":"01384007","GEOIDFQ":"0500000US48443","GEOID":"48443","NAME":"Terrell","NAMELSAD":"Terrell County","STUSPS":"TX","STATE_NAME":"Texas","LSAD":"06","ALAND":6107081788,"AWATER":259482},"id":"48443"},{"arcs":[[-12,339,340,341,342]],"type":"Polygon","properties":{"STATEFP":"48","COUNTYFP":"445","COUNTYNS":"01384008","GEOIDFQ":"0500000US48445","GEOID":"48445","NAME":"Terry","NAMELSAD":"Terry County","STUSPS":"TX","STATE_NAME":"Texas","LSAD":"06","ALAND":2302115390,"AWATER":5411758},"id":"48445"},{"arcs":[[-158,343,-249,344,345]],"type":"Polygon","properties":{"STATEFP":"48","COUNTYFP":"161","COUNTYNS":"01383866","GEOIDFQ":"0500000US48161","GEOID":"48161","NAME":"Freestone","NAMELSAD":"Freestone County","STUSPS":"TX","STATE_NAME":"Texas","LSAD":"06","ALAND":2273311864,"AWATER":36936963},"id":"48161"},{"arcs":[[[-6,346,-335,347]],[[-10,348,-331,-123,349]]],"type":"MultiPolygon","properties":{"STATEFP":"48","COUNTYFP":"273","COUNTYNS":"01383922","GEOIDFQ":"0500000US48273","GEOID":"48273","NAME":"Kleberg","NAMELSAD":"Kleberg County","STUSPS":"TX","STATE_NAME":"Texas","LSAD":"06","ALAND":2282572454,"AWATER":541041663},"id":"48273"},{"arcs":[[-284,350,351,352]],"type":"Polygon","properties":{"STATEFP":"48","COUNTYFP":"017","COUNTYNS":"01383794","GEOIDFQ":"0500000US48017","GEOID":"48017","NAME":"Bailey","NAMELSAD":"Bailey County","STUSPS":"TX","STATE_NAME":"Texas","LSAD":"06","ALAND":2141847185,"AWATER":1775275},"id":"48017"},{"arcs":[[-84,353,354,355,356]],"type":"Polygon","properties":{"STATEFP":"48","COUNTYFP":"245","COUNTYNS":"01383908","GEOIDFQ":"0500000US48245","GEOID":"48245","NAME":"Jefferson","NAMELSAD":"Jefferson County","STUSPS":"TX","STATE_NAME":"Texas","LSAD":"06","ALAND":2270734658,"AWATER":611202935},"id":"48245"},{"arcs":[[-211,357,-268,-259,358,359,360,361]],"type":"Polygon","properties":{"STATEFP":"48","COUNTYFP":"201","COUNTYNS":"01383886","GEOIDFQ":"0500000US48201","GEOID":"48201","NAME":"Harris","NAMELSAD":"Harris County","STUSPS":"TX","STATE_NAME":"Texas","LSAD":"06","ALAND":4421377571,"AWATER":181131335},"id":"48201"},{"arcs":[[-210,362,363,-269,-358]],"type":"Polygon","properties":{"STATEFP":"48","COUNTYFP":"157","COUNTYNS":"01383864","GEOIDFQ":"0500000US48157","GEOID":"48157","NAME":"Fort Bend","NAMELSAD":"Fort Bend County","STUSPS":"TX","STATE_NAME":"Texas","LSAD":"06","ALAND":2232800006,"AWATER":60708395},"id":"48157"},{"arcs":[[-176,364,-314,365,366]],"type":"Polygon","properties":{"STATEFP":"48","COUNTYFP":"223","COUNTYNS":"01383897","GEOIDFQ":"0500000US48223","GEOID":"48223","NAME":"Hopkins","NAMELSAD":"Hopkins County","STUSPS":"TX","STATE_NAME":"Texas","LSAD":"06","ALAND":1987637216,"AWATER":65631763},"id":"48223"},{"arcs":[[-181,-232,-251,367,368,369,370]],"type":"Polygon","properties":{"STATEFP":"48","COUNTYFP":"073","COUNTYNS":"01383822","GEOIDFQ":"0500000US48073","GEOID":"48073","NAME":"Cherokee","NAMELSAD":"Cherokee County","STUSPS":"TX","STATE_NAME":"Texas","LSAD":"06","ALAND":2727137854,"AWATER":23876781},"id":"48073"},{"arcs":[[-83,-246,371,372,-354]],"type":"Polygon","properties":{"STATEFP":"48","COUNTYFP":"361","COUNTYNS":"01383966","GEOIDFQ":"0500000US48361","GEOID":"48361","NAME":"Orange","NAMELSAD":"Orange County","STUSPS":"TX","STATE_NAME":"Texas","LSAD":"06","ALAND":864535312,"AWATER":118326038},"id":"48361"},{"arcs":[[[-356,373,374,375,-360,376]],[[377]]],"type":"MultiPolygon","properties":{"STATEFP":"48","COUNTYFP":"071","COUNTYNS":"01383821","GEOIDFQ":"0500000US48071","GEOID":"48071","NAME":"Chambers","NAMELSAD":"Chambers County","STUSPS":"TX","STATE_NAME":"Texas","LSAD":"06","ALAND":1546824138,"AWATER":709406157},"id":"48071"},{"arcs":[[378,379,380,381,382,383,384]],"type":"Polygon","properties":{"STATEFP":"48","COUNTYFP":"035","COUNTYNS":"01383803","GEOIDFQ":"0500000US48035","GEOID":"48035","NAME":"Bosque","NAMELSAD":"Bosque County","STUSPS":"TX","STATE_NAME":"Texas","LSAD":"06","ALAND":2545897277,"AWATER":50825122},"id":"48035"},{"arcs":[[385,386,387,388,389]],"type":"Polygon","properties":{"STATEFP":"48","COUNTYFP":"283","COUNTYNS":"01383924","GEOIDFQ":"0500000US48283","GEOID":"48283","NAME":"La Salle","NAMELSAD":"La Salle County","STUSPS":"TX","STATE_NAME":"Texas","LSAD":"06","ALAND":3850545741,"AWATER":19503739},"id":"48283"},{"arcs":[[-116,390,391,-270,-364,392]],"type":"Polygon","properties":{"STATEFP":"48","COUNTYFP":"015","COUNTYNS":"01383793","GEOIDFQ":"0500000US48015","GEOID":"48015","NAME":"Austin","NAMELSAD":"Austin County","STUSPS":"TX","STATE_NAME":"Texas","LSAD":"06","ALAND":1674464129,"AWATER":25547962},"id":"48015"},{"arcs":[[-42,-167,393,394,395,396,-59,-79,-199]],"type":"Polygon","properties":{"STATEFP":"48","COUNTYFP":"391","COUNTYNS":"01383981","GEOIDFQ":"0500000US48391","GEOID":"48391","NAME":"Refugio","NAMELSAD":"Refugio County","STUSPS":"TX","STATE_NAME":"Texas","LSAD":"06","ALAND":1995545555,"AWATER":123688759},"id":"48391"},{"arcs":[[397,-153,-217,398,399]],"type":"Polygon","properties":{"STATEFP":"48","COUNTYFP":"037","COUNTYNS":"01383804","GEOIDFQ":"0500000US48037","GEOID":"48037","NAME":"Bowie","NAMELSAD":"Bowie County","STUSPS":"TX","STATE_NAME":"Texas","LSAD":"06","ALAND":2291984431,"AWATER":98383191},"id":"48037"},{"arcs":[[-117,-393,-363,-209,400,401]],"type":"Polygon","properties":{"STATEFP":"48","COUNTYFP":"481","COUNTYNS":"01384026","GEOIDFQ":"0500000US48481","GEOID":"48481","NAME":"Wharton","NAMELSAD":"Wharton County","STUSPS":"TX","STATE_NAME":"Texas","LSAD":"06","ALAND":2813099005,"AWATER":21306092},"id":"48481"},{"arcs":[[-72,402,403,404,405,406,-240]],"type":"Polygon","properties":{"STATEFP":"48","COUNTYFP":"031","COUNTYNS":"01383801","GEOIDFQ":"0500000US48031","GEOID":"48031","NAME":"Blanco","NAMELSAD":"Blanco County","STUSPS":"TX","STATE_NAME":"Texas","LSAD":"06","ALAND":1836953705,"AWATER":10813186},"id":"48031"},{"arcs":[[-309,407,408,409,410]],"type":"Polygon","properties":{"STATEFP":"48","COUNTYFP":"345","COUNTYNS":"01383958","GEOIDFQ":"0500000US48345","GEOID":"48345","NAME":"Motley","NAMELSAD":"Motley County","STUSPS":"TX","STATE_NAME":"Texas","LSAD":"06","ALAND":2562963900,"AWATER":644140},"id":"48345"},{"arcs":[[411,412,413,414,415,416]],"type":"Polygon","properties":{"STATEFP":"48","COUNTYFP":"069","COUNTYNS":"01383820","GEOIDFQ":"0500000US48069","GEOID":"48069","NAME":"Castro","NAMELSAD":"Castro County","STUSPS":"TX","STATE_NAME":"Texas","LSAD":"06","ALAND":2316600397,"AWATER":12557414},"id":"48069"},{"arcs":[[-230,-290,-299,417,-345,-248]],"type":"Polygon","properties":{"STATEFP":"48","COUNTYFP":"289","COUNTYNS":"01383930","GEOIDFQ":"0500000US48289","GEOID":"48289","NAME":"Leon","NAMELSAD":"Leon County","STUSPS":"TX","STATE_NAME":"Texas","LSAD":"06","ALAND":2779462028,"AWATER":19328383},"id":"48289"},{"arcs":[[-235,-261,-272,418,419,-288]],"type":"Polygon","properties":{"STATEFP":"48","COUNTYFP":"185","COUNTYNS":"01383878","GEOIDFQ":"0500000US48185","GEOID":"48185","NAME":"Grimes","NAMELSAD":"Grimes County","STUSPS":"TX","STATE_NAME":"Texas","LSAD":"06","ALAND":2039536830,"AWATER":36601048},"id":"48185"},{"arcs":[[-108,-135,420,421,422]],"type":"Polygon","properties":{"STATEFP":"48","COUNTYFP":"359","COUNTYNS":"01383965","GEOIDFQ":"0500000US48359","GEOID":"48359","NAME":"Oldham","NAMELSAD":"Oldham County","STUSPS":"TX","STATE_NAME":"Texas","LSAD":"06","ALAND":3886337116,"AWATER":2339716},"id":"48359"},{"arcs":[[-115,423,-242,424,425,426,427]],"type":"Polygon","properties":{"STATEFP":"48","COUNTYFP":"411","COUNTYNS":"01383991","GEOIDFQ":"0500000US48411","GEOID":"48411","NAME":"San Saba","NAMELSAD":"San Saba County","STUSPS":"TX","STATE_NAME":"Texas","LSAD":"06","ALAND":2940447161,"AWATER":8300211},"id":"48411"},{"arcs":[[-386,428,429,430,431]],"type":"Polygon","properties":{"STATEFP":"48","COUNTYFP":"163","COUNTYNS":"01383867","GEOIDFQ":"0500000US48163","GEOID":"48163","NAME":"Frio","NAMELSAD":"Frio County","STUSPS":"TX","STATE_NAME":"Texas","LSAD":"06","ALAND":2935753504,"AWATER":2193621},"id":"48163"},{"arcs":[[-185,432,433,434,435]],"type":"Polygon","properties":{"STATEFP":"48","COUNTYFP":"173","COUNTYNS":"01383872","GEOIDFQ":"0500000US48173","GEOID":"48173","NAME":"Glasscock","NAMELSAD":"Glasscock County","STUSPS":"TX","STATE_NAME":"Texas","LSAD":"06","ALAND":2331552975,"AWATER":2245302},"id":"48173"},{"arcs":[[[-212,-362,436]],[[-375,437]],[[438]],[[439]]],"type":"MultiPolygon","properties":{"STATEFP":"48","COUNTYFP":"167","COUNTYNS":"01383869","GEOIDFQ":"0500000US48167","GEOID":"48167","NAME":"Galveston","NAMELSAD":"Galveston County","STUSPS":"TX","STATE_NAME":"Texas","LSAD":"06","ALAND":982674727,"AWATER":1280831812},"id":"48167"},{"arcs":[[-238,440,441,442,443,-293]],"type":"Polygon","properties":{"STATEFP":"48","COUNTYFP":"203","COUNTYNS":"01383887","GEOIDFQ":"0500000US48203","GEOID":"48203","NAME":"Harrison","NAMELSAD":"Harrison County","STUSPS":"TX","STATE_NAME":"Texas","LSAD":"06","ALAND":2331154964,"AWATER":40635396},"id":"48203"},{"arcs":[[-19,444,445,-419,-271,-392,446]],"type":"Polygon","properties":{"STATEFP":"48","COUNTYFP":"477","COUNTYNS":"01384024","GEOIDFQ":"0500000US48477","GEOID":"48477","NAME":"Washington","NAMELSAD":"Washington County","STUSPS":"TX","STATE_NAME":"Texas","LSAD":"06","ALAND":1564859859,"AWATER":45466952},"id":"48477"},{"arcs":[[-18,447,-301,448,-445]],"type":"Polygon","properties":{"STATEFP":"48","COUNTYFP":"051","COUNTYNS":"01383811","GEOIDFQ":"0500000US48051","GEOID":"48051","NAME":"Burleson","NAMELSAD":"Burleson County","STUSPS":"TX","STATE_NAME":"Texas","LSAD":"06","ALAND":1707015416,"AWATER":46043534},"id":"48051"},{"arcs":[[-34,449,450,451,-136]],"type":"Polygon","properties":{"STATEFP":"48","COUNTYFP":"195","COUNTYNS":"01383883","GEOIDFQ":"0500000US48195","GEOID":"48195","NAME":"Hansford","NAMELSAD":"Hansford County","STUSPS":"TX","STATE_NAME":"Texas","LSAD":"06","ALAND":2382296645,"AWATER":1548341},"id":"48195"},{"arcs":[[-31,452,-372,-245]],"type":"Polygon","properties":{"STATEFP":"48","COUNTYFP":"351","COUNTYNS":"01383961","GEOIDFQ":"0500000US48351","GEOID":"48351","NAME":"Newton","NAMELSAD":"Newton County","STUSPS":"TX","STATE_NAME":"Texas","LSAD":"06","ALAND":2418212545,"AWATER":15672146},"id":"48351"},{"arcs":[[-61,453,454,455,456]],"type":"Polygon","properties":{"STATEFP":"48","COUNTYFP":"087","COUNTYNS":"01383829","GEOIDFQ":"0500000US48087","GEOID":"48087","NAME":"Collingsworth","NAMELSAD":"Collingsworth County","STUSPS":"TX","STATE_NAME":"Texas","LSAD":"06","ALAND":2378750405,"AWATER":2278703},"id":"48087"},{"arcs":[[[-1,457]],[[-3,-60,-397,458]],[[-165,459]],[[-168,460,-395,461]]],"type":"MultiPolygon","properties":{"STATEFP":"48","COUNTYFP":"007","COUNTYNS":"01383789","GEOIDFQ":"0500000US48007","GEOID":"48007","NAME":"Aransas","NAMELSAD":"Aransas County","STUSPS":"TX","STATE_NAME":"Texas","LSAD":"06","ALAND":653378692,"AWATER":714021910},"id":"48007"},{"arcs":[[-170,462,463,464,465,466,467]],"type":"Polygon","properties":{"STATEFP":"48","COUNTYFP":"029","COUNTYNS":"01383800","GEOIDFQ":"0500000US48029","GEOID":"48029","NAME":"Bexar","NAMELSAD":"Bexar County","STUSPS":"TX","STATE_NAME":"Texas","LSAD":"06","ALAND":3212669817,"AWATER":40545342},"id":"48029"},{"arcs":[[-125,-334,468,-254,469,-303]],"type":"Polygon","properties":{"STATEFP":"48","COUNTYFP":"215","COUNTYNS":"01383893","GEOIDFQ":"0500000US48215","GEOID":"48215","NAME":"Hidalgo","NAMELSAD":"Hidalgo County","STUSPS":"TX","STATE_NAME":"Texas","LSAD":"06","ALAND":4069432987,"AWATER":30081130},"id":"48215"},{"arcs":[[-163,470,-401,-214,471]],"type":"Polygon","properties":{"STATEFP":"48","COUNTYFP":"321","COUNTYNS":"01383943","GEOIDFQ":"0500000US48321","GEOID":"48321","NAME":"Matagorda","NAMELSAD":"Matagorda County","STUSPS":"TX","STATE_NAME":"Texas","LSAD":"06","ALAND":2831196250,"AWATER":1345191762},"id":"48321"},{"arcs":[[-277,472,473,474,475,476]],"type":"Polygon","properties":{"STATEFP":"48","COUNTYFP":"475","COUNTYNS":"01384023","GEOIDFQ":"0500000US48475","GEOID":"48475","NAME":"Ward","NAMELSAD":"Ward County","STUSPS":"TX","STATE_NAME":"Texas","LSAD":"06","ALAND":2164201044,"AWATER":624206},"id":"48475"},{"arcs":[[-192,477,-399,-216,478,479,-312]],"type":"Polygon","properties":{"STATEFP":"48","COUNTYFP":"387","COUNTYNS":"01383979","GEOIDFQ":"0500000US48387","GEOID":"48387","NAME":"Red River","NAMELSAD":"Red River County","STUSPS":"TX","STATE_NAME":"Texas","LSAD":"06","ALAND":2703677245,"AWATER":33255080},"id":"48387"},{"arcs":[[-476,480,481,482,483,484]],"type":"Polygon","properties":{"STATEFP":"48","COUNTYFP":"135","COUNTYNS":"01383853","GEOIDFQ":"0500000US48135","GEOID":"48135","NAME":"Ector","NAMELSAD":"Ector County","STUSPS":"TX","STATE_NAME":"Texas","LSAD":"06","ALAND":2325508574,"AWATER":10188915},"id":"48135"},{"arcs":[[-87,485,-479,-215]],"type":"Polygon","properties":{"STATEFP":"48","COUNTYFP":"449","COUNTYNS":"01384010","GEOIDFQ":"0500000US48449","GEOID":"48449","NAME":"Titus","NAMELSAD":"Titus County","STUSPS":"TX","STATE_NAME":"Texas","LSAD":"06","ALAND":1052318222,"AWATER":50093218},"id":"48449"},{"arcs":[[486,487,-473,-276,488,489]],"type":"Polygon","properties":{"STATEFP":"48","COUNTYFP":"389","COUNTYNS":"01383980","GEOIDFQ":"0500000US48389","GEOID":"48389","NAME":"Reeves","NAMELSAD":"Reeves County","STUSPS":"TX","STATE_NAME":"Texas","LSAD":"06","ALAND":6825534345,"AWATER":17396672},"id":"48389"},{"arcs":[[-289,-420,-446,-449,-300]],"type":"Polygon","properties":{"STATEFP":"48","COUNTYFP":"041","COUNTYNS":"01383806","GEOIDFQ":"0500000US48041","GEOID":"48041","NAME":"Brazos","NAMELSAD":"Brazos County","STUSPS":"TX","STATE_NAME":"Texas","LSAD":"06","ALAND":1518120826,"AWATER":13180343},"id":"48041"},{"arcs":[[-48,490,-171,-468,491,492]],"type":"Polygon","properties":{"STATEFP":"48","COUNTYFP":"187","COUNTYNS":"01383879","GEOIDFQ":"0500000US48187","GEOID":"48187","NAME":"Guadalupe","NAMELSAD":"Guadalupe County","STUSPS":"TX","STATE_NAME":"Texas","LSAD":"06","ALAND":1842133758,"AWATER":9159633},"id":"48187"},{"arcs":[[-281,493,494]],"type":"Polygon","properties":{"STATEFP":"48","COUNTYFP":"377","COUNTYNS":"01383974","GEOIDFQ":"0500000US48377","GEOID":"48377","NAME":"Presidio","NAMELSAD":"Presidio County","STUSPS":"TX","STATE_NAME":"Texas","LSAD":"06","ALAND":9985057447,"AWATER":1773188},"id":"48377"},{"arcs":[[495,496,497,498,499]],"type":"Polygon","properties":{"STATEFP":"48","COUNTYFP":"323","COUNTYNS":"01383944","GEOIDFQ":"0500000US48323","GEOID":"48323","NAME":"Maverick","NAMELSAD":"Maverick County","STUSPS":"TX","STATE_NAME":"Texas","LSAD":"06","ALAND":3313841498,"AWATER":31849663},"id":"48323"},{"arcs":[[-404,500,-492,-467,501]],"type":"Polygon","properties":{"STATEFP":"48","COUNTYFP":"091","COUNTYNS":"01383831","GEOIDFQ":"0500000US48091","GEOID":"48091","NAME":"Comal","NAMELSAD":"Comal County","STUSPS":"TX","STATE_NAME":"Texas","LSAD":"06","ALAND":1449193932,"AWATER":39744160},"id":"48091"},{"arcs":[[-370,502,503,-443,504,505,506]],"type":"Polygon","properties":{"STATEFP":"48","COUNTYFP":"401","COUNTYNS":"01383986","GEOIDFQ":"0500000US48401","GEOID":"48401","NAME":"Rusk","NAMELSAD":"Rusk County","STUSPS":"TX","STATE_NAME":"Texas","LSAD":"06","ALAND":2393663216,"AWATER":37217198},"id":"48401"},{"arcs":[[-389,507,508,509,510,-499,511]],"type":"Polygon","properties":{"STATEFP":"48","COUNTYFP":"479","COUNTYNS":"01384025","GEOIDFQ":"0500000US48479","GEOID":"48479","NAME":"Webb","NAMELSAD":"Webb County","STUSPS":"TX","STATE_NAME":"Texas","LSAD":"06","ALAND":8706239653,"AWATER":36502177},"id":"48479"},{"arcs":[[512,513,514,515,516,517]],"type":"Polygon","properties":{"STATEFP":"48","COUNTYFP":"155","COUNTYNS":"01383863","GEOIDFQ":"0500000US48155","GEOID":"48155","NAME":"Foard","NAMELSAD":"Foard County","STUSPS":"TX","STATE_NAME":"Texas","LSAD":"06","ALAND":1824374449,"AWATER":8518912},"id":"48155"},{"arcs":[[-54,518,-186,-436,519]],"type":"Polygon","properties":{"STATEFP":"48","COUNTYFP":"227","COUNTYNS":"01383899","GEOIDFQ":"0500000US48227","GEOID":"48227","NAME":"Howard","NAMELSAD":"Howard County","STUSPS":"TX","STATE_NAME":"Texas","LSAD":"06","ALAND":2333034777,"AWATER":8846149},"id":"48227"},{"arcs":[[520,521,522,523,524]],"type":"Polygon","properties":{"STATEFP":"48","COUNTYFP":"229","COUNTYNS":"01383900","GEOIDFQ":"0500000US48229","GEOID":"48229","NAME":"Hudspeth","NAMELSAD":"Hudspeth County","STUSPS":"TX","STATE_NAME":"Texas","LSAD":"06","ALAND":11837584099,"AWATER":2114586},"id":"48229"},{"arcs":[[-263,525,526,527,-317]],"type":"Polygon","properties":{"STATEFP":"48","COUNTYFP":"447","COUNTYNS":"01384009","GEOIDFQ":"0500000US48447","GEOID":"48447","NAME":"Throckmorton","NAMELSAD":"Throckmorton County","STUSPS":"TX","STATE_NAME":"Texas","LSAD":"06","ALAND":2363499442,"AWATER":7586186},"id":"48447"},{"arcs":[[-379,528,529,530]],"type":"Polygon","properties":{"STATEFP":"48","COUNTYFP":"425","COUNTYNS":"01383998","GEOIDFQ":"0500000US48425","GEOID":"48425","NAME":"Somervell","NAMELSAD":"Somervell County","STUSPS":"TX","STATE_NAME":"Texas","LSAD":"06","ALAND":482274682,"AWATER":14205925},"id":"48425"},{"arcs":[[531,532,-474,-488]],"type":"Polygon","properties":{"STATEFP":"48","COUNTYFP":"301","COUNTYNS":"01383936","GEOIDFQ":"0500000US48301","GEOID":"48301","NAME":"Loving","NAMELSAD":"Loving County","STUSPS":"TX","STATE_NAME":"Texas","LSAD":"06","ALAND":1732230055,"AWATER":19981167},"id":"48301"},{"arcs":[[-411,533,534,535]],"type":"Polygon","properties":{"STATEFP":"48","COUNTYFP":"125","COUNTYNS":"01383848","GEOIDFQ":"0500000US48125","GEOID":"48125","NAME":"Dickens","NAMELSAD":"Dickens County","STUSPS":"TX","STATE_NAME":"Texas","LSAD":"06","ALAND":2335454675,"AWATER":9057848},"id":"48125"},{"arcs":[[536,537,538,-514,539]],"type":"Polygon","properties":{"STATEFP":"48","COUNTYFP":"487","COUNTYNS":"01384029","GEOIDFQ":"0500000US48487","GEOID":"48487","NAME":"Wilbarger","NAMELSAD":"Wilbarger County","STUSPS":"TX","STATE_NAME":"Texas","LSAD":"06","ALAND":2514738108,"AWATER":18202665},"id":"48487"},{"arcs":[[-100,540,-433,-190,541,542]],"type":"Polygon","properties":{"STATEFP":"48","COUNTYFP":"383","COUNTYNS":"01383977","GEOIDFQ":"0500000US48383","GEOID":"48383","NAME":"Reagan","NAMELSAD":"Reagan County","STUSPS":"TX","STATE_NAME":"Texas","LSAD":"06","ALAND":3044049121,"AWATER":1792716},"id":"48383"},{"arcs":[[-328,543,-382,544,545,546]],"type":"Polygon","properties":{"STATEFP":"48","COUNTYFP":"309","COUNTYNS":"01383946","GEOIDFQ":"0500000US48309","GEOID":"48309","NAME":"McLennan","NAMELSAD":"McLennan County","STUSPS":"TX","STATE_NAME":"Texas","LSAD":"06","ALAND":2685056036,"AWATER":60961676},"id":"48309"},{"arcs":[[-207,547,548,549,550,-319,551]],"type":"Polygon","properties":{"STATEFP":"48","COUNTYFP":"363","COUNTYNS":"01383967","GEOIDFQ":"0500000US48363","GEOID":"48363","NAME":"Palo Pinto","NAMELSAD":"Palo Pinto County","STUSPS":"TX","STATE_NAME":"Texas","LSAD":"06","ALAND":2467090697,"AWATER":85364147},"id":"48363"},{"arcs":[[552,553,554,555,556,557]],"type":"Polygon","properties":{"STATEFP":"48","COUNTYFP":"121","COUNTYNS":"01383847","GEOIDFQ":"0500000US48121","GEOID":"48121","NAME":"Denton","NAMELSAD":"Denton County","STUSPS":"TX","STATE_NAME":"Texas","LSAD":"06","ALAND":2275982083,"AWATER":188809040},"id":"48121"},{"arcs":[[-67,-131,558,559,560,561]],"type":"Polygon","properties":{"STATEFP":"48","COUNTYFP":"267","COUNTYNS":"01383919","GEOIDFQ":"0500000US48267","GEOID":"48267","NAME":"Kimble","NAMELSAD":"Kimble County","STUSPS":"TX","STATE_NAME":"Texas","LSAD":"06","ALAND":3240024036,"AWATER":505509},"id":"48267"},{"arcs":[[-189,562,563,564,565,566,-542]],"type":"Polygon","properties":{"STATEFP":"48","COUNTYFP":"451","COUNTYNS":"01384011","GEOIDFQ":"0500000US48451","GEOID":"48451","NAME":"Tom Green","NAMELSAD":"Tom Green County","STUSPS":"TX","STATE_NAME":"Texas","LSAD":"06","ALAND":3942790947,"AWATER":47251782},"id":"48451"},{"arcs":[[-121,567,-508,568,569,570]],"type":"Polygon","properties":{"STATEFP":"48","COUNTYFP":"131","COUNTYNS":"01383851","GEOIDFQ":"0500000US48131","GEOID":"48131","NAME":"Duval","NAMELSAD":"Duval County","STUSPS":"TX","STATE_NAME":"Texas","LSAD":"06","ALAND":4645084663,"AWATER":5478267},"id":"48131"},{"arcs":[[-297,571,-329,-547,572]],"type":"Polygon","properties":{"STATEFP":"48","COUNTYFP":"145","COUNTYNS":"01383858","GEOIDFQ":"0500000US48145","GEOID":"48145","NAME":"Falls","NAMELSAD":"Falls County","STUSPS":"TX","STATE_NAME":"Texas","LSAD":"06","ALAND":1982623101,"AWATER":21693054},"id":"48145"},{"arcs":[[-57,573,-570,574,575,576,-76]],"type":"Polygon","properties":{"STATEFP":"48","COUNTYFP":"297","COUNTYNS":"01383934","GEOIDFQ":"0500000US48297","GEOID":"48297","NAME":"Live Oak","NAMELSAD":"Live Oak County","STUSPS":"TX","STATE_NAME":"Texas","LSAD":"06","ALAND":2692796903,"AWATER":101483818},"id":"48297"},{"arcs":[[-47,577,578,579,580,-172,-491]],"type":"Polygon","properties":{"STATEFP":"48","COUNTYFP":"177","COUNTYNS":"01383874","GEOIDFQ":"0500000US48177","GEOID":"48177","NAME":"Gonzales","NAMELSAD":"Gonzales County","STUSPS":"TX","STATE_NAME":"Texas","LSAD":"06","ALAND":2762704890,"AWATER":8204086},"id":"48177"},{"arcs":[[-412,581,582,-421,583]],"type":"Polygon","properties":{"STATEFP":"48","COUNTYFP":"117","COUNTYNS":"01383845","GEOIDFQ":"0500000US48117","GEOID":"48117","NAME":"Deaf Smith","NAMELSAD":"Deaf Smith County","STUSPS":"TX","STATE_NAME":"Texas","LSAD":"06","ALAND":3876750569,"AWATER":3926557},"id":"48117"},{"arcs":[[-39,584,-579,585,-119,586]],"type":"Polygon","properties":{"STATEFP":"48","COUNTYFP":"285","COUNTYNS":"01383928","GEOIDFQ":"0500000US48285","GEOID":"48285","NAME":"Lavaca","NAMELSAD":"Lavaca County","STUSPS":"TX","STATE_NAME":"Texas","LSAD":"06","ALAND":2511535218,"AWATER":1882216},"id":"48285"},{"arcs":[[-159,-346,-418,-298,-573,-546,587]],"type":"Polygon","properties":{"STATEFP":"48","COUNTYFP":"293","COUNTYNS":"01383932","GEOIDFQ":"0500000US48293","GEOID":"48293","NAME":"Limestone","NAMELSAD":"Limestone County","STUSPS":"TX","STATE_NAME":"Texas","LSAD":"06","ALAND":2345053184,"AWATER":71830223},"id":"48293"},{"arcs":[[-353,588,-416,589,590]],"type":"Polygon","properties":{"STATEFP":"48","COUNTYFP":"279","COUNTYNS":"01383926","GEOIDFQ":"0500000US48279","GEOID":"48279","NAME":"Lamb","NAMELSAD":"Lamb County","STUSPS":"TX","STATE_NAME":"Texas","LSAD":"06","ALAND":2631897582,"AWATER":3973764},"id":"48279"},{"arcs":[[-85,-357,-377,-359,-258,-292,591]],"type":"Polygon","properties":{"STATEFP":"48","COUNTYFP":"291","COUNTYNS":"01383931","GEOIDFQ":"0500000US48291","GEOID":"48291","NAME":"Liberty","NAMELSAD":"Liberty County","STUSPS":"TX","STATE_NAME":"Texas","LSAD":"06","ALAND":3000453916,"AWATER":46288046},"id":"48291"},{"arcs":[[[-252,592]],[[-255,-469,-333,593]]],"type":"MultiPolygon","properties":{"STATEFP":"48","COUNTYFP":"489","COUNTYNS":"01384030","GEOIDFQ":"0500000US48489","GEOID":"48489","NAME":"Willacy","NAMELSAD":"Willacy County","STUSPS":"TX","STATE_NAME":"Texas","LSAD":"06","ALAND":1529680719,"AWATER":502856285},"id":"48489"},{"arcs":[[-385,594,595,596,-550,597,-529]],"type":"Polygon","properties":{"STATEFP":"48","COUNTYFP":"143","COUNTYNS":"01383857","GEOIDFQ":"0500000US48143","GEOID":"48143","NAME":"Erath","NAMELSAD":"Erath County","STUSPS":"TX","STATE_NAME":"Texas","LSAD":"06","ALAND":2805419699,"AWATER":17166727},"id":"48143"},{"arcs":[[-23,598,599,600]],"type":"Polygon","properties":{"STATEFP":"48","COUNTYFP":"397","COUNTYNS":"01383984","GEOIDFQ":"0500000US48397","GEOID":"48397","NAME":"Rockwall","NAMELSAD":"Rockwall County","STUSPS":"TX","STATE_NAME":"Texas","LSAD":"06","ALAND":329521874,"AWATER":56197126},"id":"48397"},{"arcs":[[-92,601,-310,-536]],"type":"Polygon","properties":{"STATEFP":"48","COUNTYFP":"107","COUNTYNS":"01383839","GEOIDFQ":"0500000US48107","GEOID":"48107","NAME":"Crosby","NAMELSAD":"Crosby County","STUSPS":"TX","STATE_NAME":"Texas","LSAD":"06","ALAND":2331503446,"AWATER":3873557},"id":"48107"},{"arcs":[[-38,-201,602,-580,-585]],"type":"Polygon","properties":{"STATEFP":"48","COUNTYFP":"123","COUNTYNS":"01383844","GEOIDFQ":"0500000US48123","GEOID":"48123","NAME":"DeWitt","NAMELSAD":"DeWitt County","STUSPS":"TX","STATE_NAME":"Texas","LSAD":"06","ALAND":2354237964,"AWATER":3919919},"id":"48123"},{"arcs":[[-204,603,604,605,606]],"type":"Polygon","properties":{"STATEFP":"48","COUNTYFP":"337","COUNTYNS":"01383954","GEOIDFQ":"0500000US48337","GEOID":"48337","NAME":"Montague","NAMELSAD":"Montague County","STUSPS":"TX","STATE_NAME":"Texas","LSAD":"06","ALAND":2411034608,"AWATER":19087359},"id":"48337"},{"arcs":[[-286,-341,607,608]],"type":"Polygon","properties":{"STATEFP":"48","COUNTYFP":"501","COUNTYNS":"01384036","GEOIDFQ":"0500000US48501","GEOID":"48501","NAME":"Yoakum","NAMELSAD":"Yoakum County","STUSPS":"TX","STATE_NAME":"Texas","LSAD":"06","ALAND":2071252481,"AWATER":34329},"id":"48501"},{"arcs":[[-27,609,-161,610,611,612,613]],"type":"Polygon","properties":{"STATEFP":"48","COUNTYFP":"139","COUNTYNS":"01383856","GEOIDFQ":"0500000US48139","GEOID":"48139","NAME":"Ellis","NAMELSAD":"Ellis County","STUSPS":"TX","STATE_NAME":"Texas","LSAD":"06","ALAND":2423713609,"AWATER":41842799},"id":"48139"},{"arcs":[[-202,614,615,616,617]],"type":"Polygon","properties":{"STATEFP":"48","COUNTYFP":"009","COUNTYNS":"01383790","GEOIDFQ":"0500000US48009","GEOID":"48009","NAME":"Archer","NAMELSAD":"Archer County","STUSPS":"TX","STATE_NAME":"Texas","LSAD":"06","ALAND":2339508191,"AWATER":57767719},"id":"48009"},{"arcs":[[618,619,620,621]],"type":"Polygon","properties":{"STATEFP":"48","COUNTYFP":"385","COUNTYNS":"01383978","GEOIDFQ":"0500000US48385","GEOID":"48385","NAME":"Real","NAMELSAD":"Real County","STUSPS":"TX","STATE_NAME":"Texas","LSAD":"06","ALAND":1810814901,"AWATER":2344241},"id":"48385"},{"arcs":[[-182,-371,-507,622,-337]],"type":"Polygon","properties":{"STATEFP":"48","COUNTYFP":"347","COUNTYNS":"01383959","GEOIDFQ":"0500000US48347","GEOID":"48347","NAME":"Nacogdoches","NAMELSAD":"Nacogdoches County","STUSPS":"TX","STATE_NAME":"Texas","LSAD":"06","ALAND":2450966942,"AWATER":89731149},"id":"48347"},{"arcs":[[-49,-493,-501,-403,-71]],"type":"Polygon","properties":{"STATEFP":"48","COUNTYFP":"209","COUNTYNS":"01383890","GEOIDFQ":"0500000US48209","GEOID":"48209","NAME":"Hays","NAMELSAD":"Hays County","STUSPS":"TX","STATE_NAME":"Texas","LSAD":"06","ALAND":1753067087,"AWATER":5015351},"id":"48209"},{"arcs":[[-140,623,624,625]],"type":"Polygon","properties":{"STATEFP":"48","COUNTYFP":"179","COUNTYNS":"01383875","GEOIDFQ":"0500000US48179","GEOID":"48179","NAME":"Gray","NAMELSAD":"Gray County","STUSPS":"TX","STATE_NAME":"Texas","LSAD":"06","ALAND":2398261682,"AWATER":8700790},"id":"48179"},{"arcs":[[-380,-531,626,627,628,-612,629]],"type":"Polygon","properties":{"STATEFP":"48","COUNTYFP":"251","COUNTYNS":"01383911","GEOIDFQ":"0500000US48251","GEOID":"48251","NAME":"Johnson","NAMELSAD":"Johnson County","STUSPS":"TX","STATE_NAME":"Texas","LSAD":"06","ALAND":1877902258,"AWATER":23779865},"id":"48251"},{"arcs":[[-137,-452,630,631]],"type":"Polygon","properties":{"STATEFP":"48","COUNTYFP":"357","COUNTYNS":"01383964","GEOIDFQ":"0500000US48357","GEOID":"48357","NAME":"Ochiltree","NAMELSAD":"Ochiltree County","STUSPS":"TX","STATE_NAME":"Texas","LSAD":"06","ALAND":2376792060,"AWATER":1331778},"id":"48357"},{"arcs":[[-52,-94,632,633,634]],"type":"Polygon","properties":{"STATEFP":"48","COUNTYFP":"415","COUNTYNS":"01383993","GEOIDFQ":"0500000US48415","GEOID":"48415","NAME":"Scurry","NAMELSAD":"Scurry County","STUSPS":"TX","STATE_NAME":"Texas","LSAD":"06","ALAND":2345090478,"AWATER":5436957},"id":"48415"},{"arcs":[[-482,635,636,637,638,639]],"type":"Polygon","properties":{"STATEFP":"48","COUNTYFP":"003","COUNTYNS":"01383787","GEOIDFQ":"0500000US48003","GEOID":"48003","NAME":"Andrews","NAMELSAD":"Andrews County","STUSPS":"TX","STATE_NAME":"Texas","LSAD":"06","ALAND":3886758047,"AWATER":1049250},"id":"48003"},{"arcs":[[-24,-601,640,641,-315,-365,-175,-142]],"type":"Polygon","properties":{"STATEFP":"48","COUNTYFP":"231","COUNTYNS":"01383901","GEOIDFQ":"0500000US48231","GEOID":"48231","NAME":"Hunt","NAMELSAD":"Hunt County","STUSPS":"TX","STATE_NAME":"Texas","LSAD":"06","ALAND":2176686831,"AWATER":107754674},"id":"48231"},{"arcs":[[-160,-588,-545,-381,-630,-611]],"type":"Polygon","properties":{"STATEFP":"48","COUNTYFP":"217","COUNTYNS":"01383894","GEOIDFQ":"0500000US48217","GEOID":"48217","NAME":"Hill","NAMELSAD":"Hill County","STUSPS":"TX","STATE_NAME":"Texas","LSAD":"06","ALAND":2483433292,"AWATER":69541634},"id":"48217"},{"arcs":[[642,643,644,645,646]],"type":"Polygon","properties":{"STATEFP":"48","COUNTYFP":"353","COUNTYNS":"01383962","GEOIDFQ":"0500000US48353","GEOID":"48353","NAME":"Nolan","NAMELSAD":"Nolan County","STUSPS":"TX","STATE_NAME":"Texas","LSAD":"06","ALAND":2362054436,"AWATER":5059477},"id":"48353"},{"arcs":[[-602,647,648,649]],"type":"Polygon","properties":{"STATEFP":"48","COUNTYFP":"303","COUNTYNS":"01383937","GEOIDFQ":"0500000US48303","GEOID":"48303","NAME":"Lubbock","NAMELSAD":"Lubbock County","STUSPS":"TX","STATE_NAME":"Texas","LSAD":"06","ALAND":2319707362,"AWATER":13101225},"id":"48303"},{"arcs":[[650,651,652,653]],"type":"Polygon","properties":{"STATEFP":"48","COUNTYFP":"111","COUNTYNS":"01383841","GEOIDFQ":"0500000US48111","GEOID":"48111","NAME":"Dallam","NAMELSAD":"Dallam County","STUSPS":"TX","STATE_NAME":"Texas","LSAD":"06","ALAND":3893666623,"AWATER":4609040},"id":"48111"},{"arcs":[[-188,654,-646,655,-563]],"type":"Polygon","properties":{"STATEFP":"48","COUNTYFP":"081","COUNTYNS":"01383826","GEOIDFQ":"0500000US48081","GEOID":"48081","NAME":"Coke","NAMELSAD":"Coke County","STUSPS":"TX","STATE_NAME":"Texas","LSAD":"06","ALAND":2361153630,"AWATER":42331400},"id":"48081"},{"arcs":[[-265,-320,-551,-597,656,657,658]],"type":"Polygon","properties":{"STATEFP":"48","COUNTYFP":"133","COUNTYNS":"01383852","GEOIDFQ":"0500000US48133","GEOID":"48133","NAME":"Eastland","NAMELSAD":"Eastland County","STUSPS":"TX","STATE_NAME":"Texas","LSAD":"06","ALAND":2399644814,"AWATER":14002276},"id":"48133"},{"arcs":[[-475,-533,659,-636,-481]],"type":"Polygon","properties":{"STATEFP":"48","COUNTYFP":"495","COUNTYNS":"01384033","GEOIDFQ":"0500000US48495","GEOID":"48495","NAME":"Winkler","NAMELSAD":"Winkler County","STUSPS":"TX","STATE_NAME":"Texas","LSAD":"06","ALAND":2178876148,"AWATER":19838},"id":"48495"},{"arcs":[[-40,-587,-118,-402,-471,-162]],"type":"Polygon","properties":{"STATEFP":"48","COUNTYFP":"239","COUNTYNS":"01383905","GEOIDFQ":"0500000US48239","GEOID":"48239","NAME":"Jackson","NAMELSAD":"Jackson County","STUSPS":"TX","STATE_NAME":"Texas","LSAD":"06","ALAND":2148246692,"AWATER":71039573},"id":"48239"},{"arcs":[[-203,-618,660,661,-604]],"type":"Polygon","properties":{"STATEFP":"48","COUNTYFP":"077","COUNTYNS":"01383824","GEOIDFQ":"0500000US48077","GEOID":"48077","NAME":"Clay","NAMELSAD":"Clay County","STUSPS":"TX","STATE_NAME":"Texas","LSAD":"06","ALAND":2819874502,"AWATER":72504155},"id":"48077"},{"arcs":[[-530,-598,-549,662,-627]],"type":"Polygon","properties":{"STATEFP":"48","COUNTYFP":"221","COUNTYNS":"01383896","GEOIDFQ":"0500000US48221","GEOID":"48221","NAME":"Hood","NAMELSAD":"Hood County","STUSPS":"TX","STATE_NAME":"Texas","LSAD":"06","ALAND":1089715666,"AWATER":41744992},"id":"48221"},{"arcs":[[-294,-444,-504,663]],"type":"Polygon","properties":{"STATEFP":"48","COUNTYFP":"183","COUNTYNS":"01383877","GEOIDFQ":"0500000US48183","GEOID":"48183","NAME":"Gregg","NAMELSAD":"Gregg County","STUSPS":"TX","STATE_NAME":"Texas","LSAD":"06","ALAND":708052135,"AWATER":6206460},"id":"48183"},{"arcs":[[664,-661,-617,-538]],"type":"Polygon","properties":{"STATEFP":"48","COUNTYFP":"485","COUNTYNS":"01384028","GEOIDFQ":"0500000US48485","GEOID":"48485","NAME":"Wichita","NAMELSAD":"Wichita County","STUSPS":"TX","STATE_NAME":"Texas","LSAD":"06","ALAND":1625458210,"AWATER":13645957},"id":"48485"},{"arcs":[[-324,665,-643,-634,666]],"type":"Polygon","properties":{"STATEFP":"48","COUNTYFP":"151","COUNTYNS":"01383861","GEOIDFQ":"0500000US48151","GEOID":"48151","NAME":"Fisher","NAMELSAD":"Fisher County","STUSPS":"TX","STATE_NAME":"Texas","LSAD":"06","ALAND":2328272091,"AWATER":7258480},"id":"48151"},{"arcs":[[-321,-534,667,-517,668]],"type":"Polygon","properties":{"STATEFP":"48","COUNTYFP":"269","COUNTYNS":"01383920","GEOIDFQ":"0500000US48269","GEOID":"48269","NAME":"King","NAMELSAD":"King County","STUSPS":"TX","STATE_NAME":"Texas","LSAD":"06","ALAND":2359150562,"AWATER":6396290},"id":"48269"},{"arcs":[[-16,669,-638,670,-608,-340]],"type":"Polygon","properties":{"STATEFP":"48","COUNTYFP":"165","COUNTYNS":"01383868","GEOIDFQ":"0500000US48165","GEOID":"48165","NAME":"Gaines","NAMELSAD":"Gaines County","STUSPS":"TX","STATE_NAME":"Texas","LSAD":"06","ALAND":3891102468,"AWATER":1262946},"id":"48165"},{"arcs":[[-101,-543,-567,671]],"type":"Polygon","properties":{"STATEFP":"48","COUNTYFP":"235","COUNTYNS":"01383903","GEOIDFQ":"0500000US48235","GEOID":"48235","NAME":"Irion","NAMELSAD":"Irion County","STUSPS":"TX","STATE_NAME":"Texas","LSAD":"06","ALAND":2723485995,"AWATER":176317},"id":"48235"},{"arcs":[[672,-490,673,-522,674]],"type":"Polygon","properties":{"STATEFP":"48","COUNTYFP":"109","COUNTYNS":"01383840","GEOIDFQ":"0500000US48109","GEOID":"48109","NAME":"Culberson","NAMELSAD":"Culberson County","STUSPS":"TX","STATE_NAME":"Texas","LSAD":"06","ALAND":9873439551,"AWATER":556134},"id":"48109"},{"arcs":[[-174,675,-576,676,-387,-432,677,-463]],"type":"Polygon","properties":{"STATEFP":"48","COUNTYFP":"013","COUNTYNS":"01383792","GEOIDFQ":"0500000US48013","GEOID":"48013","NAME":"Atascosa","NAMELSAD":"Atascosa County","STUSPS":"TX","STATE_NAME":"Texas","LSAD":"06","ALAND":3158599699,"AWATER":4992623},"id":"48013"},{"arcs":[[-557,678,-613,-629,679,680]],"type":"Polygon","properties":{"STATEFP":"48","COUNTYFP":"439","COUNTYNS":"01384005","GEOIDFQ":"0500000US48439","GEOID":"48439","NAME":"Tarrant","NAMELSAD":"Tarrant County","STUSPS":"TX","STATE_NAME":"Texas","LSAD":"06","ALAND":2241374644,"AWATER":99394075},"id":"48439"},{"arcs":[[-80,-592,-291,-224,-178,-103]],"type":"Polygon","properties":{"STATEFP":"48","COUNTYFP":"373","COUNTYNS":"01383972","GEOIDFQ":"0500000US48373","GEOID":"48373","NAME":"Polk","NAMELSAD":"Polk County","STUSPS":"TX","STATE_NAME":"Texas","LSAD":"06","ALAND":2737754342,"AWATER":136250537},"id":"48373"},{"arcs":[[-206,681,-680,-628,-663,-548]],"type":"Polygon","properties":{"STATEFP":"48","COUNTYFP":"367","COUNTYNS":"01383969","GEOIDFQ":"0500000US48367","GEOID":"48367","NAME":"Parker","NAMELSAD":"Parker County","STUSPS":"TX","STATE_NAME":"Texas","LSAD":"06","ALAND":2340676560,"AWATER":16457558},"id":"48367"},{"arcs":[[-307,682,-414,683,684,685]],"type":"Polygon","properties":{"STATEFP":"48","COUNTYFP":"437","COUNTYNS":"01384004","GEOIDFQ":"0500000US48437","GEOID":"48437","NAME":"Swisher","NAMELSAD":"Swisher County","STUSPS":"TX","STATE_NAME":"Texas","LSAD":"06","ALAND":2305502703,"AWATER":27277988},"id":"48437"},{"arcs":[[-516,686,687,-669]],"type":"Polygon","properties":{"STATEFP":"48","COUNTYFP":"275","COUNTYNS":"01383923","GEOIDFQ":"0500000US48275","GEOID":"48275","NAME":"Knox","NAMELSAD":"Knox County","STUSPS":"TX","STATE_NAME":"Texas","LSAD":"06","ALAND":2203098613,"AWATER":12587673},"id":"48275"},{"arcs":[[-388,-677,-575,-569]],"type":"Polygon","properties":{"STATEFP":"48","COUNTYFP":"311","COUNTYNS":"01383947","GEOIDFQ":"0500000US48311","GEOID":"48311","NAME":"McMullen","NAMELSAD":"McMullen County","STUSPS":"TX","STATE_NAME":"Texas","LSAD":"06","ALAND":2952066567,"AWATER":43985124},"id":"48311"},{"arcs":[[-456,-624,688,689]],"type":"Polygon","properties":{"STATEFP":"48","COUNTYFP":"483","COUNTYNS":"01384027","GEOIDFQ":"0500000US48483","GEOID":"48483","NAME":"Wheeler","NAMELSAD":"Wheeler County","STUSPS":"TX","STATE_NAME":"Texas","LSAD":"06","ALAND":2368629231,"AWATER":2455912},"id":"48483"},{"arcs":[[-205,-607,690,-558,-681,-682]],"type":"Polygon","properties":{"STATEFP":"48","COUNTYFP":"497","COUNTYNS":"01384034","GEOIDFQ":"0500000US48497","GEOID":"48497","NAME":"Wise","NAMELSAD":"Wise County","STUSPS":"TX","STATE_NAME":"Texas","LSAD":"06","ALAND":2342525152,"AWATER":46883066},"id":"48497"},{"arcs":[[-128,-565,691,-152,692]],"type":"Polygon","properties":{"STATEFP":"48","COUNTYFP":"095","COUNTYNS":"01383833","GEOIDFQ":"0500000US48095","GEOID":"48095","NAME":"Concho","NAMELSAD":"Concho County","STUSPS":"TX","STATE_NAME":"Texas","LSAD":"06","ALAND":2547914004,"AWATER":25740025},"id":"48095"},{"arcs":[[-147,-692,-564,-656,-645,693]],"type":"Polygon","properties":{"STATEFP":"48","COUNTYFP":"399","COUNTYNS":"01383985","GEOIDFQ":"0500000US48399","GEOID":"48399","NAME":"Runnels","NAMELSAD":"Runnels County","STUSPS":"TX","STATE_NAME":"Texas","LSAD":"06","ALAND":2722259323,"AWATER":15604788},"id":"48399"},{"arcs":[[-26,-146,694,-368,-250,-344,-157,-610]],"type":"Polygon","properties":{"STATEFP":"48","COUNTYFP":"213","COUNTYNS":"01383892","GEOIDFQ":"0500000US48213","GEOID":"48213","NAME":"Henderson","NAMELSAD":"Henderson County","STUSPS":"TX","STATE_NAME":"Texas","LSAD":"06","ALAND":2263100622,"AWATER":193314985},"id":"48213"},{"arcs":[[-93,-535,-325,-667,-633]],"type":"Polygon","properties":{"STATEFP":"48","COUNTYFP":"263","COUNTYNS":"01383917","GEOIDFQ":"0500000US48263","GEOID":"48263","NAME":"Kent","NAMELSAD":"Kent County","STUSPS":"TX","STATE_NAME":"Texas","LSAD":"06","ALAND":2337482028,"AWATER":1065195},"id":"48263"},{"arcs":[[-110,-652,695,-450]],"type":"Polygon","properties":{"STATEFP":"48","COUNTYFP":"421","COUNTYNS":"01383996","GEOIDFQ":"0500000US48421","GEOID":"48421","NAME":"Sherman","NAMELSAD":"Sherman County","STUSPS":"TX","STATE_NAME":"Texas","LSAD":"06","ALAND":2390195604,"AWATER":425429},"id":"48421"},{"arcs":[[-430,696,-497,697]],"type":"Polygon","properties":{"STATEFP":"48","COUNTYFP":"507","COUNTYNS":"01384039","GEOIDFQ":"0500000US48507","GEOID":"48507","NAME":"Zavala","NAMELSAD":"Zavala County","STUSPS":"TX","STATE_NAME":"Texas","LSAD":"06","ALAND":3360268876,"AWATER":11208708},"id":"48507"},{"arcs":[[-621,698,699,-698,700,701]],"type":"Polygon","properties":{"STATEFP":"48","COUNTYFP":"463","COUNTYNS":"01384017","GEOIDFQ":"0500000US48463","GEOID":"48463","NAME":"Uvalde","NAMELSAD":"Uvalde County","STUSPS":"TX","STATE_NAME":"Texas","LSAD":"06","ALAND":4019458733,"AWATER":17382916},"id":"48463"},{"arcs":[[-465,702,-699,-620,703,704]],"type":"Polygon","properties":{"STATEFP":"48","COUNTYFP":"019","COUNTYNS":"01383795","GEOIDFQ":"0500000US48019","GEOID":"48019","NAME":"Bandera","NAMELSAD":"Bandera County","STUSPS":"TX","STATE_NAME":"Texas","LSAD":"06","ALAND":2048663907,"AWATER":17291422},"id":"48019"},{"arcs":[[-109,-423,705,-653]],"type":"Polygon","properties":{"STATEFP":"48","COUNTYFP":"205","COUNTYNS":"01383888","GEOIDFQ":"0500000US48205","GEOID":"48205","NAME":"Hartley","NAMELSAD":"Hartley County","STUSPS":"TX","STATE_NAME":"Texas","LSAD":"06","ALAND":3786445021,"AWATER":3013675},"id":"48205"},{"arcs":[[-561,706,707,-704,-619,708]],"type":"Polygon","properties":{"STATEFP":"48","COUNTYFP":"265","COUNTYNS":"01383918","GEOIDFQ":"0500000US48265","GEOID":"48265","NAME":"Kerr","NAMELSAD":"Kerr County","STUSPS":"TX","STATE_NAME":"Texas","LSAD":"06","ALAND":2857618951,"AWATER":10230383},"id":"48265"},{"arcs":[[-285,-591,-649,-342]],"type":"Polygon","properties":{"STATEFP":"48","COUNTYFP":"219","COUNTYNS":"01383895","GEOIDFQ":"0500000US48219","GEOID":"48219","NAME":"Hockley","NAMELSAD":"Hockley County","STUSPS":"TX","STATE_NAME":"Texas","LSAD":"06","ALAND":2352723975,"AWATER":446119},"id":"48219"},{"arcs":[[-275,-282,-495,-523,-674,-489]],"type":"Polygon","properties":{"STATEFP":"48","COUNTYFP":"243","COUNTYNS":"01383907","GEOIDFQ":"0500000US48243","GEOID":"48243","NAME":"Jeff Davis","NAMELSAD":"Jeff Davis County","STUSPS":"TX","STATE_NAME":"Texas","LSAD":"06","ALAND":5865172238,"AWATER":206206},"id":"48243"},{"arcs":[[-196,709,-701,-496,710]],"type":"Polygon","properties":{"STATEFP":"48","COUNTYFP":"271","COUNTYNS":"01383921","GEOIDFQ":"0500000US48271","GEOID":"48271","NAME":"Kinney","NAMELSAD":"Kinney County","STUSPS":"TX","STATE_NAME":"Texas","LSAD":"06","ALAND":3523765240,"AWATER":11885327},"id":"48271"},{"arcs":[[-139,711,712,-689]],"type":"Polygon","properties":{"STATEFP":"48","COUNTYFP":"211","COUNTYNS":"01383891","GEOIDFQ":"0500000US48211","GEOID":"48211","NAME":"Hemphill","NAMELSAD":"Hemphill County","STUSPS":"TX","STATE_NAME":"Texas","LSAD":"06","ALAND":2347270015,"AWATER":15205586},"id":"48211"},{"arcs":[[-21,713,-45,-75,-220]],"type":"Polygon","properties":{"STATEFP":"48","COUNTYFP":"021","COUNTYNS":"01383796","GEOIDFQ":"0500000US48021","GEOID":"48021","NAME":"Bastrop","NAMELSAD":"Bastrop County","STUSPS":"TX","STATE_NAME":"Texas","LSAD":"06","ALAND":2300495954,"AWATER":19013891},"id":"48021"},{"arcs":[[-20,-447,-391,-120,-586,-578,-46,-714]],"type":"Polygon","properties":{"STATEFP":"48","COUNTYFP":"149","COUNTYNS":"01383860","GEOIDFQ":"0500000US48149","GEOID":"48149","NAME":"Fayette","NAMELSAD":"Fayette County","STUSPS":"TX","STATE_NAME":"Texas","LSAD":"06","ALAND":2460316910,"AWATER":25574662},"id":"48149"},{"arcs":[[-327,714,715,-383,-544]],"type":"Polygon","properties":{"STATEFP":"48","COUNTYFP":"099","COUNTYNS":"01383835","GEOIDFQ":"0500000US48099","GEOID":"48099","NAME":"Coryell","NAMELSAD":"Coryell County","STUSPS":"TX","STATE_NAME":"Texas","LSAD":"06","ALAND":2725307442,"AWATER":11833644},"id":"48099"},{"arcs":[[-63,716,-540,-513,717]],"type":"Polygon","properties":{"STATEFP":"48","COUNTYFP":"197","COUNTYNS":"01383884","GEOIDFQ":"0500000US48197","GEOID":"48197","NAME":"Hardeman","NAMELSAD":"Hardeman County","STUSPS":"TX","STATE_NAME":"Texas","LSAD":"06","ALAND":1800337387,"AWATER":4548860},"id":"48197"},{"arcs":[[718,719,-505,-442,720]],"type":"Polygon","properties":{"STATEFP":"48","COUNTYFP":"365","COUNTYNS":"01383968","GEOIDFQ":"0500000US48365","GEOID":"48365","NAME":"Panola","NAMELSAD":"Panola County","STUSPS":"TX","STATE_NAME":"Texas","LSAD":"06","ALAND":2101400903,"AWATER":25810623},"id":"48365"},{"arcs":[[-86,721,-366,-313,-480,-486]],"type":"Polygon","properties":{"STATEFP":"48","COUNTYFP":"159","COUNTYNS":"01383865","GEOIDFQ":"0500000US48159","GEOID":"48159","NAME":"Franklin","NAMELSAD":"Franklin County","STUSPS":"TX","STATE_NAME":"Texas","LSAD":"06","ALAND":736599928,"AWATER":26845123},"id":"48159"},{"arcs":[[-149,722,723,-266,-659,724]],"type":"Polygon","properties":{"STATEFP":"48","COUNTYFP":"059","COUNTYNS":"01383815","GEOIDFQ":"0500000US48059","GEOID":"48059","NAME":"Callahan","NAMELSAD":"Callahan County","STUSPS":"TX","STATE_NAME":"Texas","LSAD":"06","ALAND":2329363242,"AWATER":4898783},"id":"48059"},{"arcs":[[-208,-552,-318,-528,-615]],"type":"Polygon","properties":{"STATEFP":"48","COUNTYFP":"503","COUNTYNS":"01384037","GEOIDFQ":"0500000US48503","GEOID":"48503","NAME":"Young","NAMELSAD":"Young County","STUSPS":"TX","STATE_NAME":"Texas","LSAD":"06","ALAND":2368539787,"AWATER":42371869},"id":"48503"},{"arcs":[[-311,-650,-590,-415,-683]],"type":"Polygon","properties":{"STATEFP":"48","COUNTYFP":"189","COUNTYNS":"01383880","GEOIDFQ":"0500000US48189","GEOID":"48189","NAME":"Hale","NAMELSAD":"Hale County","STUSPS":"TX","STATE_NAME":"Texas","LSAD":"06","ALAND":2602109425,"AWATER":246678},"id":"48189"},{"arcs":[[-53,-635,-647,-655,-187,-519]],"type":"Polygon","properties":{"STATEFP":"48","COUNTYFP":"335","COUNTYNS":"01383953","GEOIDFQ":"0500000US48335","GEOID":"48335","NAME":"Mitchell","NAMELSAD":"Mitchell County","STUSPS":"TX","STATE_NAME":"Texas","LSAD":"06","ALAND":2359720445,"AWATER":12480258},"id":"48335"},{"arcs":[[-11,-350,-122,-571,-574,-56]],"type":"Polygon","properties":{"STATEFP":"48","COUNTYFP":"249","COUNTYNS":"01383910","GEOIDFQ":"0500000US48249","GEOID":"48249","NAME":"Jim Wells","NAMELSAD":"Jim Wells County","STUSPS":"TX","STATE_NAME":"Texas","LSAD":"06","ALAND":2240795356,"AWATER":8723371},"id":"48249"},{"arcs":[[-134,725,-684,-413,-584]],"type":"Polygon","properties":{"STATEFP":"48","COUNTYFP":"381","COUNTYNS":"01383976","GEOIDFQ":"0500000US48381","GEOID":"48381","NAME":"Randall","NAMELSAD":"Randall County","STUSPS":"TX","STATE_NAME":"Texas","LSAD":"06","ALAND":2363909970,"AWATER":25202439},"id":"48381"},{"arcs":[[-127,-306,726,-509,-568]],"type":"Polygon","properties":{"STATEFP":"48","COUNTYFP":"247","COUNTYNS":"01383909","GEOIDFQ":"0500000US48247","GEOID":"48247","NAME":"Jim Hogg","NAMELSAD":"Jim Hogg County","STUSPS":"TX","STATE_NAME":"Texas","LSAD":"06","ALAND":2942674719,"AWATER":92565},"id":"48247"},{"arcs":[[-267,-724,727,-666,-323,728]],"type":"Polygon","properties":{"STATEFP":"48","COUNTYFP":"253","COUNTYNS":"01383912","GEOIDFQ":"0500000US48253","GEOID":"48253","NAME":"Jones","NAMELSAD":"Jones County","STUSPS":"TX","STATE_NAME":"Texas","LSAD":"06","ALAND":2405078242,"AWATER":22095884},"id":"48253"},{"arcs":[[-112,729,-657,-596,730]],"type":"Polygon","properties":{"STATEFP":"48","COUNTYFP":"093","COUNTYNS":"01383832","GEOIDFQ":"0500000US48093","GEOID":"48093","NAME":"Comanche","NAMELSAD":"Comanche County","STUSPS":"TX","STATE_NAME":"Texas","LSAD":"06","ALAND":2428768923,"AWATER":25719485},"id":"48093"},{"arcs":[[-194,-316,-642,731,732,733]],"type":"Polygon","properties":{"STATEFP":"48","COUNTYFP":"147","COUNTYNS":"01383859","GEOIDFQ":"0500000US48147","GEOID":"48147","NAME":"Fannin","NAMELSAD":"Fannin County","STUSPS":"TX","STATE_NAME":"Texas","LSAD":"06","ALAND":2273850350,"AWATER":54247784},"id":"48147"},{"arcs":[[-555,734,-732,-641,-600,735]],"type":"Polygon","properties":{"STATEFP":"48","COUNTYFP":"085","COUNTYNS":"01383828","GEOIDFQ":"0500000US48085","GEOID":"48085","NAME":"Collin","NAMELSAD":"Collin County","STUSPS":"TX","STATE_NAME":"Texas","LSAD":"06","ALAND":2179508355,"AWATER":114885444},"id":"48085"},{"arcs":[[-138,-632,736,-712]],"type":"Polygon","properties":{"STATEFP":"48","COUNTYFP":"295","COUNTYNS":"01383933","GEOIDFQ":"0500000US48295","GEOID":"48295","NAME":"Lipscomb","NAMELSAD":"Lipscomb County","STUSPS":"TX","STATE_NAME":"Texas","LSAD":"06","ALAND":2414422642,"AWATER":298741},"id":"48295"},{"arcs":[[-17,-223,-330,-572,-302,-448]],"type":"Polygon","properties":{"STATEFP":"48","COUNTYFP":"331","COUNTYNS":"01383951","GEOIDFQ":"0500000US48331","GEOID":"48331","NAME":"Milam","NAMELSAD":"Milam County","STUSPS":"TX","STATE_NAME":"Texas","LSAD":"06","ALAND":2632349434,"AWATER":11831398},"id":"48331"},{"arcs":[[-525,737]],"type":"Polygon","properties":{"STATEFP":"48","COUNTYFP":"141","COUNTYNS":"01383855","GEOIDFQ":"0500000US48141","GEOID":"48141","NAME":"El Paso","NAMELSAD":"El Paso County","STUSPS":"TX","STATE_NAME":"Texas","LSAD":"06","ALAND":2625018844,"AWATER":4548525},"id":"48141"},{"arcs":[[-111,-428,738,-150,-725,-658,-730]],"type":"Polygon","properties":{"STATEFP":"48","COUNTYFP":"049","COUNTYNS":"01383810","GEOIDFQ":"0500000US48049","GEOID":"48049","NAME":"Brown","NAMELSAD":"Brown County","STUSPS":"TX","STATE_NAME":"Texas","LSAD":"06","ALAND":2446120264,"AWATER":32375524},"id":"48049"},{"arcs":[[-129,-693,-151,-739,-427,739]],"type":"Polygon","properties":{"STATEFP":"48","COUNTYFP":"307","COUNTYNS":"01383945","GEOIDFQ":"0500000US48307","GEOID":"48307","NAME":"McCulloch","NAMELSAD":"McCulloch County","STUSPS":"TX","STATE_NAME":"Texas","LSAD":"06","ALAND":2759893534,"AWATER":20286192},"id":"48307"},{"arcs":[[740,741,-553,-691,-606]],"type":"Polygon","properties":{"STATEFP":"48","COUNTYFP":"097","COUNTYNS":"01383834","GEOIDFQ":"0500000US48097","GEOID":"48097","NAME":"Cooke","NAMELSAD":"Cooke County","STUSPS":"TX","STATE_NAME":"Texas","LSAD":"06","ALAND":2265789897,"AWATER":61319327},"id":"48097"},{"arcs":[[-455,742,743,744,-625]],"type":"Polygon","properties":{"STATEFP":"48","COUNTYFP":"129","COUNTYNS":"01383850","GEOIDFQ":"0500000US48129","GEOID":"48129","NAME":"Donley","NAMELSAD":"Donley County","STUSPS":"TX","STATE_NAME":"Texas","LSAD":"06","ALAND":2401014207,"AWATER":15563758},"id":"48129"},{"arcs":[[-130,-740,-426,745,746,-559]],"type":"Polygon","properties":{"STATEFP":"48","COUNTYFP":"319","COUNTYNS":"01383942","GEOIDFQ":"0500000US48319","GEOID":"48319","NAME":"Mason","NAMELSAD":"Mason County","STUSPS":"TX","STATE_NAME":"Texas","LSAD":"06","ALAND":2405674099,"AWATER":8755301},"id":"48319"},{"arcs":[[-305,747,-510,-727]],"type":"Polygon","properties":{"STATEFP":"48","COUNTYFP":"505","COUNTYNS":"01384038","GEOIDFQ":"0500000US48505","GEOID":"48505","NAME":"Zapata","NAMELSAD":"Zapata County","STUSPS":"TX","STATE_NAME":"Texas","LSAD":"06","ALAND":2585883702,"AWATER":154363496},"id":"48505"},{"arcs":[[-77,-577,-676,-173,-581,-603,-200]],"type":"Polygon","properties":{"STATEFP":"48","COUNTYFP":"255","COUNTYNS":"01383913","GEOIDFQ":"0500000US48255","GEOID":"48255","NAME":"Karnes","NAMELSAD":"Karnes County","STUSPS":"TX","STATE_NAME":"Texas","LSAD":"06","ALAND":1936669681,"AWATER":15010314},"id":"48255"},{"arcs":[[-241,-407,748,-746,-425]],"type":"Polygon","properties":{"STATEFP":"48","COUNTYFP":"299","COUNTYNS":"01383935","GEOIDFQ":"0500000US48299","GEOID":"48299","NAME":"Llano","NAMELSAD":"Llano County","STUSPS":"TX","STATE_NAME":"Texas","LSAD":"06","ALAND":2419227366,"AWATER":82329207},"id":"48299"},{"arcs":[[-308,-686,749,-744,750,-408]],"type":"Polygon","properties":{"STATEFP":"48","COUNTYFP":"045","COUNTYNS":"01383808","GEOIDFQ":"0500000US48045","GEOID":"48045","NAME":"Briscoe","NAMELSAD":"Briscoe County","STUSPS":"TX","STATE_NAME":"Texas","LSAD":"06","ALAND":2330991073,"AWATER":4068657},"id":"48045"},{"arcs":[[-113,-731,-595,-384,-716,751]],"type":"Polygon","properties":{"STATEFP":"48","COUNTYFP":"193","COUNTYNS":"01383882","GEOIDFQ":"0500000US48193","GEOID":"48193","NAME":"Hamilton","NAMELSAD":"Hamilton County","STUSPS":"TX","STATE_NAME":"Texas","LSAD":"06","ALAND":2165008743,"AWATER":1238628},"id":"48193"},{"arcs":[[-262,-729,-322,-688,-526]],"type":"Polygon","properties":{"STATEFP":"48","COUNTYFP":"207","COUNTYNS":"01383889","GEOIDFQ":"0500000US48207","GEOID":"48207","NAME":"Haskell","NAMELSAD":"Haskell County","STUSPS":"TX","STATE_NAME":"Texas","LSAD":"06","ALAND":2339103808,"AWATER":18465208},"id":"48207"},{"arcs":[[-148,-694,-644,-728,-723]],"type":"Polygon","properties":{"STATEFP":"48","COUNTYFP":"441","COUNTYNS":"01384006","GEOIDFQ":"0500000US48441","GEOID":"48441","NAME":"Taylor","NAMELSAD":"Taylor County","STUSPS":"TX","STATE_NAME":"Texas","LSAD":"06","ALAND":2371228250,"AWATER":9760311},"id":"48441"},{"arcs":[[-13,-343,-648,-91,-50]],"type":"Polygon","properties":{"STATEFP":"48","COUNTYFP":"305","COUNTYNS":"01383938","GEOIDFQ":"0500000US48305","GEOID":"48305","NAME":"Lynn","NAMELSAD":"Lynn County","STUSPS":"TX","STATE_NAME":"Texas","LSAD":"06","ALAND":2309924799,"AWATER":4169718},"id":"48305"},{"arcs":[[-28,-614,-679,-556,-736,-599]],"type":"Polygon","properties":{"STATEFP":"48","COUNTYFP":"113","COUNTYNS":"01383842","GEOIDFQ":"0500000US48113","GEOID":"48113","NAME":"Dallas","NAMELSAD":"Dallas County","STUSPS":"TX","STATE_NAME":"Texas","LSAD":"06","ALAND":2261546161,"AWATER":91828840},"id":"48113"},{"arcs":[[752,-733,-735,-554,-742,753]],"type":"Polygon","properties":{"STATEFP":"48","COUNTYFP":"181","COUNTYNS":"01383876","GEOIDFQ":"0500000US48181","GEOID":"48181","NAME":"Grayson","NAMELSAD":"Grayson County","STUSPS":"TX","STATE_NAME":"Texas","LSAD":"06","ALAND":2416024459,"AWATER":120093899},"id":"48181"},{"arcs":[[-406,754,-707,-560,-747,-749]],"type":"Polygon","properties":{"STATEFP":"48","COUNTYFP":"171","COUNTYNS":"01383871","GEOIDFQ":"0500000US48171","GEOID":"48171","NAME":"Gillespie","NAMELSAD":"Gillespie County","STUSPS":"TX","STATE_NAME":"Texas","LSAD":"06","ALAND":2740737111,"AWATER":8994843},"id":"48171"},{"arcs":[[-15,-520,-435,755,-639,-670]],"type":"Polygon","properties":{"STATEFP":"48","COUNTYFP":"317","COUNTYNS":"01383941","GEOIDFQ":"0500000US48317","GEOID":"48317","NAME":"Martin","NAMELSAD":"Martin County","STUSPS":"TX","STATE_NAME":"Texas","LSAD":"06","ALAND":2369724587,"AWATER":1931832},"id":"48317"},{"arcs":[[-99,756,-484,757,-541]],"type":"Polygon","properties":{"STATEFP":"48","COUNTYFP":"461","COUNTYNS":"01384016","GEOIDFQ":"0500000US48461","GEOID":"48461","NAME":"Upton","NAMELSAD":"Upton County","STUSPS":"TX","STATE_NAME":"Texas","LSAD":"06","ALAND":3215010599,"AWATER":464309},"id":"48461"},{"arcs":[[-431,-700,-703,-464,-678]],"type":"Polygon","properties":{"STATEFP":"48","COUNTYFP":"325","COUNTYNS":"01383948","GEOIDFQ":"0500000US48325","GEOID":"48325","NAME":"Medina","NAMELSAD":"Medina County","STUSPS":"TX","STATE_NAME":"Texas","LSAD":"06","ALAND":3432680871,"AWATER":23745245},"id":"48325"},{"arcs":[[-434,-758,-483,-640,-756]],"type":"Polygon","properties":{"STATEFP":"48","COUNTYFP":"329","COUNTYNS":"01383950","GEOIDFQ":"0500000US48329","GEOID":"48329","NAME":"Midland","NAMELSAD":"Midland County","STUSPS":"TX","STATE_NAME":"Texas","LSAD":"06","ALAND":2331915314,"AWATER":4252951},"id":"48329"},{"arcs":[[-685,-726,758,-745,-750]],"type":"Polygon","properties":{"STATEFP":"48","COUNTYFP":"011","COUNTYNS":"01383791","GEOIDFQ":"0500000US48011","GEOID":"48011","NAME":"Armstrong","NAMELSAD":"Armstrong County","STUSPS":"TX","STATE_NAME":"Texas","LSAD":"06","ALAND":2354619569,"AWATER":12181682},"id":"48011"},{"arcs":[[-405,-502,-466,-705,-708,-755]],"type":"Polygon","properties":{"STATEFP":"48","COUNTYFP":"259","COUNTYNS":"01383915","GEOIDFQ":"0500000US48259","GEOID":"48259","NAME":"Kendall","NAMELSAD":"Kendall County","STUSPS":"TX","STATE_NAME":"Texas","LSAD":"06","ALAND":1715747608,"AWATER":1496797},"id":"48259"},{"arcs":[[-390,-512,-498,-697,-429]],"type":"Polygon","properties":{"STATEFP":"48","COUNTYFP":"127","COUNTYNS":"01383849","GEOIDFQ":"0500000US48127","GEOID":"48127","NAME":"Dimmit","NAMELSAD":"Dimmit County","STUSPS":"TX","STATE_NAME":"Texas","LSAD":"06","ALAND":3441795903,"AWATER":14575999},"id":"48127"},{"arcs":[[-98,-278,-477,-485,-757]],"type":"Polygon","properties":{"STATEFP":"48","COUNTYFP":"103","COUNTYNS":"01383837","GEOIDFQ":"0500000US48103","GEOID":"48103","NAME":"Crane","NAMELSAD":"Crane County","STUSPS":"TX","STATE_NAME":"Texas","LSAD":"06","ALAND":2033319715,"AWATER":1695980},"id":"48103"},{"arcs":[[-65,759,-409,-751,-743,-454]],"type":"Polygon","properties":{"STATEFP":"48","COUNTYFP":"191","COUNTYNS":"01383881","GEOIDFQ":"0500000US48191","GEOID":"48191","NAME":"Hall","NAMELSAD":"Hall County","STUSPS":"TX","STATE_NAME":"Texas","LSAD":"06","ALAND":2288233615,"AWATER":53366403},"id":"48191"},{"arcs":[[-29,-338,-623,-506,-720,760]],"type":"Polygon","properties":{"STATEFP":"48","COUNTYFP":"419","COUNTYNS":"01383995","GEOIDFQ":"0500000US48419","GEOID":"48419","NAME":"Shelby","NAMELSAD":"Shelby County","STUSPS":"TX","STATE_NAME":"Texas","LSAD":"06","ALAND":2060566463,"AWATER":101081677},"id":"48419"},{"arcs":[[-36,-141,-626,-759,-133,-106]],"type":"Polygon","properties":{"STATEFP":"48","COUNTYFP":"065","COUNTYNS":"01383818","GEOIDFQ":"0500000US48065","GEOID":"48065","NAME":"Carson","NAMELSAD":"Carson County","STUSPS":"TX","STATE_NAME":"Texas","LSAD":"06","ALAND":2383397230,"AWATER":10026604},"id":"48065"},{"arcs":[[-90,-296,761,-144,-177,-367,-722]],"type":"Polygon","properties":{"STATEFP":"48","COUNTYFP":"499","COUNTYNS":"01384035","GEOIDFQ":"0500000US48499","GEOID":"48499","NAME":"Wood","NAMELSAD":"Wood County","STUSPS":"TX","STATE_NAME":"Texas","LSAD":"06","ALAND":1671176155,"AWATER":130727206},"id":"48499"},{"arcs":[[-515,-539,-616,-527,-687]],"type":"Polygon","properties":{"STATEFP":"48","COUNTYFP":"023","COUNTYNS":"01383797","GEOIDFQ":"0500000US48023","GEOID":"48023","NAME":"Baylor","NAMELSAD":"Baylor County","STUSPS":"TX","STATE_NAME":"Texas","LSAD":"06","ALAND":2246764167,"AWATER":86991452},"id":"48023"},{"arcs":[[-352,762,-582,-417,-589]],"type":"Polygon","properties":{"STATEFP":"48","COUNTYFP":"369","COUNTYNS":"01383970","GEOIDFQ":"0500000US48369","GEOID":"48369","NAME":"Parmer","NAMELSAD":"Parmer County","STUSPS":"TX","STATE_NAME":"Texas","LSAD":"06","ALAND":2281317978,"AWATER":11355762},"id":"48369"},{"arcs":[[-66,-102,-672,-566,-132]],"type":"Polygon","properties":{"STATEFP":"48","COUNTYFP":"413","COUNTYNS":"01383992","GEOIDFQ":"0500000US48413","GEOID":"48413","NAME":"Schleicher","NAMELSAD":"Schleicher County","STUSPS":"TX","STATE_NAME":"Texas","LSAD":"06","ALAND":3394546076,"AWATER":87401},"id":"48413"},{"arcs":[[-68,-562,-709,-622,-702,-710,-195]],"type":"Polygon","properties":{"STATEFP":"48","COUNTYFP":"137","COUNTYNS":"01383854","GEOIDFQ":"0500000US48137","GEOID":"48137","NAME":"Edwards","NAMELSAD":"Edwards County","STUSPS":"TX","STATE_NAME":"Texas","LSAD":"06","ALAND":5485263222,"AWATER":5196312},"id":"48137"},{"arcs":[[-145,-762,-295,-664,-503,-369,-695]],"type":"Polygon","properties":{"STATEFP":"48","COUNTYFP":"423","COUNTYNS":"01383997","GEOIDFQ":"0500000US48423","GEOID":"48423","NAME":"Smith","NAMELSAD":"Smith County","STUSPS":"TX","STATE_NAME":"Texas","LSAD":"06","ALAND":2386661742,"AWATER":73106299},"id":"48423"},{"arcs":[[-114,-752,-715,-326,-243,-424]],"type":"Polygon","properties":{"STATEFP":"48","COUNTYFP":"281","COUNTYNS":"01383927","GEOIDFQ":"0500000US48281","GEOID":"48281","NAME":"Lampasas","NAMELSAD":"Lampasas County","STUSPS":"TX","STATE_NAME":"Texas","LSAD":"06","ALAND":1845440100,"AWATER":2749903},"id":"48281"},{"arcs":[[-64,-718,-518,-668,-410,-760]],"type":"Polygon","properties":{"STATEFP":"48","COUNTYFP":"101","COUNTYNS":"01383836","GEOIDFQ":"0500000US48101","GEOID":"48101","NAME":"Cottle","NAMELSAD":"Cottle County","STUSPS":"TX","STATE_NAME":"Texas","LSAD":"06","ALAND":2332448733,"AWATER":2723997},"id":"48101"}]}}}